SKU#,CODE,DESCRIPT,QTY SOLD,TOT COST,TOT PRICE,PROFIT,%,DEPT
36092,SN,,19,0,4340.18,4340.18,100,
36091,RN,,-26,0,-2778.72,-2778.72,-100,
36290,5HASS10,# 10 SLIDE SOLE,5,35,49.14,14.14,29,ACCESSORIES
36286,5HASS2,# 2 SLIDE SOLE,3,21,28.35,7.35,26,ACCESSORIES
36288,5HASS6,# 6 SLIDE SOLE,3,21,28.35,7.35,26,ACCESSORIES
38287,5INIR1/1/32,1 1/32 INSERT REMOVER INNOVATIVE,1,45.85,62.27,16.42,26,PRO SHOP SUPPLIES
35542,5VISD,1 5/8 ROUND DISC 100 (COUNT),3,26.25,39.9,13.65,34,PRO SHOP SUPPLIES
38282,5INHST1/2,1/2 HAND SANDING TOOL W/SLEEVES,2,39.7,54.45,14.75,27,PRO SHOP SUPPLIES
37634,5TEBBCBK,10th 6" BALL CUP BLACK BULK,8,9.2,13.03,3.83,29,ACCESSORIES
37633,5TEBBCBL,10th 6" BALL CUP BLUE BULK,3,3.45,5.13,1.68,33,ACCESSORIES
37635,5TEBBCRD,10th 6" BALL CUP RED BULK,1,1.15,1.58,0.43,27,ACCESSORIES
36892,2TF2BBR,10th FRAME DBL ROLLER BK/RED,2,118,170.37,52.37,31,BAGS
36897,2TFDAOBB,10th FRAME DELUXE ADD ON BK/BLUE,6,52.5,74.72,22.22,30,BAGS
36898,2TFDAOBG,10th FRAME DELUXE ADD ON BK/GREY,4,35,50.3,15.3,30,BAGS
36953,2TFDAOOR,10th FRAME DELUXE ADD ON BK/OR,2,17.5,24.56,7.06,29,BAGS
36896,2TFDAOBR,10th FRAME DELUXE ADD ON BK/RED,3,26.25,37.62,11.37,30,BAGS
38075,2TFD3RPU,10th FRAME DX 3 ROLLER PURPLE,1,79,110.6,31.6,29,BAGS
37513,5TEDF,10th FRAME FINGER DAMS,1,8.95,10.45,1.5,14,PRO SHOP SUPPLIES
37335,5TESSBR,10th FRAME SEE SAW BLACK / RED,1,3,4.32,1.32,31,ACCESSORIES
37512,5TEDT,10th FRAME THUMB DAMS,1,8.29,10.45,2.16,21,PRO SHOP SUPPLIES
38315,5INSD120G,120 GRIT SANDING DISC 1in (100Pk,1,9.85,14.8,4.95,33,PRO SHOP SUPPLIES
38209,2RO2BACH,2 BALL ACHROMATIC,1,95,138.7,43.7,32,BAGS
37031,2RO2BABO,2 BALL ALL-STAR BLACKOUT,1,94.91,138.7,43.79,32,BAGS
37480,2RO2BCACO,2 BALL CARRYALL TOTE COMPETITOR,1,22.16,33.96,11.8,35,BAGS
7358,2VI2BCRBK,2 BALL CLASSIC ROLLER BLACK,3,159,215.88,56.88,26,BAGS
7357,2VI2BCRBL,2 BALL CLASSIC ROLLER BLUE,4,212,291.83,79.83,27,BAGS
16410,2VI2BCROR,2 BALL CLASSIC ROLLER ORANGE,1,53,71.96,18.96,26,BAGS
16409,2VI2BCRPU,2 BALL CLASSIC ROLLER PURPLE,1,53,71.96,18.96,26,BAGS
38400,2GL2BDTBG,2 BALL DX TOTE BLACK / GOLD,1,23,32.59,9.59,29,BAGS
38274,2RO2BTTAC,2 BALL TOUR TOTE ACHROMATIC,2,48,67.54,19.54,29,BAGS
38208,2RO3BACH,3 BALL ROLLER ACHROMATIC,1,125,160.03,35.03,22,BAGS
37030,2RO3BABO,3 BALL ROLLER ALL-STAR BLACKOUT,2,250,323.7,73.7,23,BAGS
13205,2VI3BSBOR,3 BALL SHOE BAG ORANGE,1,14.4,19.66,5.26,27,BAGS
7367,2VI3BSBRD,3 BALL SHOE BAG RED,1,14.4,21.6,7.2,33,BAGS
7360,2VI3BCTRBK,3 BALL TOTE ROLLER BLACK,7,385,530.39,145.39,27,BAGS
36908,2VI3BCTBR,3 BALL TOTE ROLLER BLACK/RED,2,110,153.62,43.62,28,BAGS
36910,2VI3BCTBS,3 BALL TOTE ROLLER BLACK/SIL,1,55,71.15,16.15,23,BAGS
7361,2VI3BCTRBL,3 BALL TOTE ROLLER BLUE,1,54.6,72.77,18.17,25,BAGS
16457,2VI3BCTRGN,3 BALL TOTE ROLLER GREEN,1,55,75.19,20.19,27,BAGS
13203,2VI3BCTROR,3 BALL TOTE ROLLER ORANGE,1,55,80.85,25.85,32,BAGS
9974,2VI3BCTRPU,3 BALL TOTE ROLLER PURPLE,2,110,143.92,33.92,24,BAGS
7362,2VI3BCTRRE,3 BALL TOTE ROLLER RED,3,164.84,226.39,61.55,27,BAGS
37261,2VI3BTRBK,3 BALL TOURNAMENT ROLLER BLACK,2,153.6,197.04,43.44,22,BAGS
37262,2VI3BTRBL,3 BALL TOURNAMENT ROLLER BLUE,1,76.8,98.52,21.72,22,BAGS
37263,2VI3BTRRE,3 BALL TOURNAMENT ROLLER RED,1,76.8,111.95,35.15,31,BAGS
38371,2MOVS3AS,3-BALL APEX SLIM VENOM SHOCK LE,26,1961.96,2363.63,401.67,17,BAGS
37393,2STTPBB,3-BALL TRAVEL TOTE PRO BLUE / BK,1,62.98,82.06,19.08,23,BAGS
37392,2STTPGB,3-BALL TRAVEL TOTE PRO GREY / BK,5,315,408.44,93.44,23,BAGS
37394,2STTPWT,3-BALL TRAVEL TOTE PRO WHT / TL,2,126,165.52,39.52,24,BAGS
37899,1HA3DOA,3-D OFFSET ASSAULT,1,117,124.95,7.95,6,BALLS
37485,5GL3GSF,3G SHOE FRESHENERS,6,17.12,26.52,9.4,35,ACCESSORIES
37670,5GL3GSS,3G SHOE SLIDER,11,46.4,67.32,20.92,31,ACCESSORIES
27877,5INMSR,6 INCH METAL SPAN RULER W/STUD,1,11.85,15.98,4.13,26,PRO SHOP SUPPLIES
38431,1HAPP78,78D PURPLE PEARL URETHANE,114,10260,12530.76,2270.76,18,BALLS
17737,5DE9SASS11,9 SAWTOOTH SLIDE SOLE S-11,1,17.68,26.44,8.76,33,ACCESSORIES
17717,5DE9SASS7,9 SAWTOOTH SLIDE SOLE S-7,2,35.66,54.99,19.33,35,ACCESSORIES
17727,5DE9SASS9,9 SAWTOOTH SLIDE SOLE S-9,10,187.5,277.38,89.88,32,ACCESSORIES
17732,5DE9SS10,9 SLIDE SOLE S-10 GREY FELT,6,113.64,167.24,53.6,32,ACCESSORIES
17742,5DE9SS12,9 SLIDE SOLE S-12 BLACK ICE,2,36.78,53.49,16.71,31,ACCESSORIES
16965,5DE9SS2,9 SLIDE SOLE S-2 BROWN MICRO,1,16.33,26.44,10.11,38,ACCESSORIES
17722,5DE9SS8,9 SLIDE SOLE S-8 WHITE MICRO,4,73.72,108.48,34.76,32,ACCESSORIES
17692,5DE9TST2,9 TRACTION SOLE T-2 GREY / RED,4,75.08,109.69,34.61,32,ACCESSORIES
17697,5DE9TST5,9 TRACTION SOLE T-5 SMOOTH WHITE,1,15,26.44,11.44,43,ACCESSORIES
36356,5GLDSS,900 GLOBAL DELUXE SEE-SAW,3,15,20.46,5.46,27,ACCESSORIES
27206,5GLSHBK,900 GLOBAL SHAMMY BLACK,2,17,21.72,4.72,22,ACCESSORIES
4215,5STAC,ACCESSORY BAG BLACK,1,11.06,15.21,4.15,27,ACCESSORIES
37012,3KRADBGR,ADMIRAL BLACK / GREY RH,1,17.32,56.96,39.64,70,SHOES
35176,2MOAGBO,AGILITY DRAWSTRING BK / ORG,2,16.8,23.9,7.1,30,BAGS
38303,1BRAL,ALERT,14,1330,1656.89,326.89,20,BALLS
38008,3BRAMBR,ALPHA MAX BLACK / RED,2,76,96.28,20.28,21,SHOES
38014,3BRALBKW,ALPINE BLACK / WHITE,1,38,48.14,10.14,21,SHOES
35335,5MOAC8,AMPLIFY 8OZ,17,107.1,151.3,44.2,29,ACCESSORIES
28026,5MOAMG,AMPLIFY GALLON,3,63,83.16,20.16,24,ACCESSORIES
38087,1HAANSO,ANGER SOLID,1,90,113.43,23.43,21,BALLS
38333,1MOJAAP,APEX JACKAL,13,1747.07,2124.43,377.36,18,BALLS
38358,2MOASBCB,APEX SHOE BAG COVERT / BLACK,1,19.6,23.88,4.28,18,BAGS
38367,2MOA3BTCB,APEX-3 SLIM ROLLER COVERT BLACK,1,56.35,75.98,19.63,26,BAGS
38368,2MOA3BTM,APEX-3 SLIM ROLLER MIDNIGHT BLUE,4,225.4,288.4,63,22,BAGS
38369,2MOA3BTS,APEX-3 SLIM ROLLER SILVER,1,56.35,75.98,19.63,26,BAGS
38370,2MOA,APEX-3 SLIM ROLLER TANGERINE,2,112.7,143.38,30.68,21,BAGS
36865,5VIAP,APRON PRO SHOP,2,16,22.32,6.32,28,ACCESSORIES
36136,5STAR,ARC RULER,4,30,37.59,7.59,20,PRO SHOP SUPPLIES
37626,1HAVIA,ARCTIC VIBE,23,1725,2085.84,360.84,17,BALLS
11254,5AMAR,ARMADILLO,2,67.1,90.64,23.54,26,PRO SHOP SUPPLIES
38080,3KRAFBN,ARROW FT BLACK / NEON,2,79,105.84,26.84,25,SHOES
37529,3KRARGR,ARROW GREY,3,90.03,89.85,-0.18,0,SHOES
37530,3KRARRD,ARROW RED,10,300,299.5,-0.5,0,SHOES
37973,1MOASCBG,ASCEND BK / GREEN / TEAL,2,115.34,164.7,49.36,30,BALLS
37974,1MOASCPB,ASCEND DK PUR / PURPLE / BLUE,2,115.34,156.46,41.12,26,BALLS
37972,1MOASCNT,ASCEND NAVY / TEAL / YELLOW,2,115.34,164.7,49.36,30,BALLS
37971,1MOASCRB,ASCEND RED / BK / TANGERINE,2,115.34,146.59,31.25,21,BALLS
37939,3GASBW,ASCENT II BLACK,2,68.34,100.68,32.34,32,SHOES
37970,1MOASPBR,ASPIRE BLACK / RED / GOLD,2,83.98,120.22,36.24,30,BALLS
37967,1MOASPBS,ASPIRE BLUE / SIL / WHITE,5,209.95,285.44,75.49,26,BALLS
37968,1MOASPPB,ASPIRE PURPLE / BK / SILVER,3,125.97,171.39,45.42,27,BALLS
38379,1SWASPL,ASSASSIN PEARL,2,167.5,214.88,47.38,22,BALLS
38033,2BRASBK,ATTACK SGL TOTE BLACK,5,100,140.01,40.01,29,BAGS
38034,2BRASBL,ATTACK SGL TOTE BLUE,3,60,85.84,25.84,30,BAGS
37528,3KRAUCB,AUSTIN CHARCOAL / BROWN,1,27.76,29.95,2.19,7,SHOES
37128,3BRAVBG,AVALANCHE BLACK / GREY,7,265.46,342.17,76.71,22,SHOES
37129,3BRAVGN,AVALANCHE GREY / NAVY,6,214.98,295.4,80.42,27,SHOES
35633,3KRAVBB,AVIATOR BLACK / BLUE,1,27.91,38.63,10.72,28,SHOES
35619,3KRAVBG,AVIATOR BLACK / GREY,9,258.24,356.47,98.23,28,SHOES
35236,3KRAVGR,AVIATOR GREY,1,15.24,24.95,9.71,39,SHOES
36608,3KRAVGC,AVIATOR GREY CAMO,2,55.54,85.6,30.06,35,SHOES
35237,3KRAVRB,AVIATOR RED / BLACK,4,111.72,161.56,49.84,31,SHOES
37077,1HAAXBS,AXE BLACK / SMOKE,5,240,318.28,78.28,25,BALLS
37979,1HAAXGS,AXE GREEN / SMOKE,7,336,460.27,124.27,27,BALLS
37980,1HAAXPP,AXE PURPLE / PINK,2,96,129.41,33.41,26,BALLS
36732,3BRAXWT,AXIS WHITE / TEAL,1,32,41.1,9.1,22,SHOES
36711,2BRBPI,BACKPACK IMPERIAL BLACK / ROYAL,1,35,45.23,10.23,23,BAGS
38210,2ROBPMVPACH,BACKPACK MVP + ACHROMATIC,1,70,89.94,19.94,22,BAGS
27245,5ULBPICT,BALL PLUG ICE CUBE TRAY,2,9,12.96,3.96,31,PRO SHOP SUPPLIES
38313,5INBS,BALL SCRIBE W/5 REPLACEMENT TIPS,1,7.85,10.58,2.73,26,PRO SHOP SUPPLIES
36492,5KRBWB5/8,BALL WORKOUT BLADE 5/8,3,17.34,25.8,8.46,33,ACCESSORIES
36490,5KRBWT,BALL WORKOUT TOOL,4,62.98,91.5,28.52,31,ACCESSORIES
14663,5VIBIE,BALL-IT SAFETY MOLLY  EXPAN 20CT,1,4.8,7.11,2.31,32,ACCESSORIES
9270,5VIBIWE,BALL-IT W-EXPANDERS NO TOP (20CT,27,2376,3162.01,786.01,25,ACCESSORIES
37183,2MOBA3CBK,BALLISTIX 3 TOTE COVERT BLACK,1,53.9,64.47,10.57,16,BAGS
37163,2MOBSCTA,BALLISTIX SHOE BAG TANGERINE,1,19.6,25.08,5.48,22,BAGS
36454,5KRBC,BASIC BALL CUP,45,53.46,93.74,40.28,43,ACCESSORIES
36795,2EBBSBK,BASIC SGL TOTE BLACK,2,24,33.82,9.82,29,BAGS
36796,2EBBSBL,BASIC SGL TOTE BLUE,2,24,34.27,10.27,30,BAGS
36797,2EBBSPU,BASIC SGL TOTE PURPLE,1,12.06,17.36,5.3,31,BAGS
4409,5MABK,BEVEL KNIFE,1,11.27,14.76,3.49,24,PRO SHOP SUPPLIES
36489,5KRBK,BEVEL KNIFE,4,41.9,58.84,16.94,29,PRO SHOP SUPPLIES
36501,5KRCBS,BEVEL SANDER CORDED,2,250,313.12,63.12,20,PRO SHOP SUPPLIES
23666,5BRBBBC8,BIG B BALL CLEANER 8oz,22,77,106.53,29.53,28,ACCESSORIES
23667,5BRBBBCQ,BIG B BALL CLEANER QUART,2,20,27.9,7.9,28,ACCESSORIES
4771,5VIBSPBL,BIO SKIN PRO BLUE,7,43.68,59.67,15.99,27,ACCESSORIES
13745,5VIBSPSI,BIO SKIN PRO SILVER,11,68.68,96.72,28.04,29,ACCESSORIES
38386,1STBI,BIONIC,4,460,553.24,93.24,17,BALLS
20319,4BRBPR,BIONIC POSITIONER RH,1,33,41.9,8.9,21,GLOVES
37911,1SWBD,BLACK DRAGON,1,101,118.45,17.45,15,BALLS
38267,1SWBDPL,BLACK DRAGON PEARL,1,101,118.45,17.45,15,BALLS
37400,1HABPUR,BLACK PEARL URETHANE,15,1350,1659.31,309.31,19,BALLS
36977,1MOVBK,BLACK VENOM,2,212.78,259.61,46.83,18,BALLS
36950,1HABW2H,BLACK WIDOW 2.0 HYBRID RED,19,1995,2406.68,411.68,17,BALLS
37395,1HABW3,BLACK WIDOW 3.0 BK / ORG,11,1155,1427.02,272.02,19,BALLS
38349,1HABW3DY,BLACK WIDOW 3.0 DYNASTY,65,6825,8415.34,1590.34,19,BALLS
37658,5HABWGSS,BLACK WIDOW GEM SHOE SLIDER,5,22.5,33.32,10.82,32,ACCESSORIES
37900,1HABWMA,BLACK WIDOW MANIA,20,2100,2547.71,447.71,18,BALLS
36561,5HABWMST,BLACK WIDOW MICRO-SUEDE TOWEL,1,3,4.05,1.05,26,ACCESSORIES
36562,5HABWSC,BLACK WIDOW SHOE COVER,4,34,46.7,12.7,27,ACCESSORIES
38294,1HABWTV,BLACK WIDOW TOUR V1,10,1050,1149.5,99.5,9,BALLS
37898,2HABWTTBL,BLACK WIDOW TRIPLE TOTE BLUE,2,120,153.12,33.12,22,BAGS
36535,1HABWV,BLACK WIDOW VIZ-A-BALL,8,552,680.8,128.8,19,BALLS
38029,2BRBSBK,BLAST SGL TOTE BLACK,5,70,98.35,28.35,29,BAGS
38030,2BRBSBL,BLAST SGL TOTE BLUE,3,42,62.1,20.1,32,BAGS
38031,2BRBSPU,BLAST SGL TOTE PURPLE,2,28,41.4,13.4,32,BAGS
38032,2BRBSSI,BLAST SGL TOTE SILVER,3,42,61.58,19.58,32,BAGS
19952,2BRB2BK,BLITZ 2 ROLLER BLACK,1,56,75.38,19.38,26,BAGS
19953,2BRB2BL,BLITZ 2 ROLLER BLUE,1,56,83.75,27.75,33,BAGS
19955,2BRB2PU,BLITZ 2 ROLLER PURPLE,1,56,73.7,17.7,24,BAGS
36258,2COB2BL,BOSS 2 ROLLER BLUE,1,45,63.6,18.6,29,BAGS
36257,2COB2RE,BOSS 2 ROLLER RED,1,45,63.6,18.6,29,BAGS
11248,5AMFBTWH5,BOWLERS TAPE WHITE 500 ROLL,1,26.95,36.58,9.63,26,ACCESSORIES
11244,5AMFBTWHD,BOWLERS TAPE WHITE DISP,4,91.8,128.21,36.41,28,ACCESSORIES
37430,5IAMBBSHBL,BOWLING BADASS SHAMMY BLUE,1,7,9.86,2.86,29,ACCESSORIES
37429,5IAMBBSHGR,BOWLING BADASS SHAMMY GREY,4,28,42.71,14.71,34,ACCESSORIES
37432,5IAMBBSHPU,BOWLING BADASS SHAMMY PURPLE,4,28,42.71,14.71,34,ACCESSORIES
37431,5IAMBBSHRE,BOWLING BADASS SHAMMY RED,1,7,9.86,2.86,29,ACCESSORIES
38044,4BRLPR,BRUN LEATHER PLUS RH,2,26,33.62,7.62,23,GLOVES
38088,1HAVIB,BUBBLEGUM VIBE,9,675,829.91,154.91,19,BALLS
4316,5MABBBKDZ,BUFF-A-BALL BLACK (DZ),1,60.33,72.23,11.9,16,ACCESSORIES
21886,5MABBWHDZ,BUFF-A-BALL WHITE (DZ),2,105.84,130.43,24.59,19,ACCESSORIES
36929,4STWDC1R,C-1 WRIST DEVICE RH,1,18.91,23.36,4.45,19,GLOVES
36932,4STWDC2L,C-2 WRIST DEVICE LH,1,28.89,40.1,11.21,28,GLOVES
36931,4STWDC2R,C-2 WRIST DEVICE RH,1,29.15,40.1,10.95,27,GLOVES
36933,4STWDC4R,C-4 WRIST DEVICE RH,1,54.99,64.89,9.9,15,GLOVES
36524,4STC4WS,C4 WRIST STRAP,2,9.26,13.2,3.94,30,GLOVES
37107,2HAC2CA,CARBON SHIELD 2 ROLLER CARBON,1,100,130.5,30.5,23,BAGS
37108,2HAC3CA,CARBON SHIELD 3 ROLLER CARBON,1,125,149.49,24.49,16,BAGS
7356,5VICI,CHANGE IT REMOVING THUMB IT,19,136.8,203.49,66.69,33,ACCESSORIES
37509,3KRCHBKR,CHARGE BLACK RH,2,222.4,279.69,57.29,20,SHOES
37096,2BRCH2BL,CHARGER 2 ROLLER BLUE,1,80,97.68,17.68,18,BAGS
13330,6TUCLBK,CLASSIC BLACK,321,215.07,348.39,133.32,38,INSERTS
13400,6TUCLBL,CLASSIC BLUE,60,39.96,64.4,24.44,38,INSERTS
13414,6TUCLGR,CLASSIC GREEN,50,33.15,54,20.85,39,INSERTS
13358,6TUCLIC,CLASSIC ICE,80,53.05,90.8,37.75,42,INSERTS
13428,6TUCLOR,CLASSIC ORANGE,109,71.95,118,46.05,39,INSERTS
37638,6TUCLPK,CLASSIC PINK,72,47.89,79.98,32.09,40,INSERTS
7323,5JACPG,CLASSIC PITCH GAUGES (3),1,191.75,265.5,73.75,28,PRO SHOP SUPPLIES
13442,6TUCLPU,CLASSIC PURPLE,82,54.78,88.5,33.72,38,INSERTS
13386,6TUCLRD,CLASSIC RED,86,58.05,94.64,36.59,39,INSERTS
13344,6TUCLWH,CLASSIC WHITE,65,43.21,68.85,25.64,37,INSERTS
13372,6TUCLYE,CLASSIC YELLOW,137,90.98,147.75,56.77,38,INSERTS
36463,5KRCHBC8,CLEAN & HOOK BALL CLEANER 8oz,1,4.73,6.34,1.61,25,ACCESSORIES
18820,4MOCS,CLEAN SHOT,8,164,209.44,45.44,22,GLOVES
38331,1STCLTL,CLEAR STORM TEAL,14,1400,1715.85,315.85,18,BALLS
36582,5TUBPT45,CLEAR T45 BALL PLUG,4,257.26,371.3,114.04,31,PRO SHOP SUPPLIES
11686,5GLCDS,CLEATS DEER SKIN 7/PACK,1,6.17,10.5,4.33,41,ACCESSORIES
11684,5GLCF,CLEATS FELT 7/PACK,2,12.34,19.95,7.61,38,ACCESSORIES
38011,3BRCTBK,COAST BLACK,2,64,81.04,17.04,21,SHOES
38010,3BRCTSA,COAST SAND,2,64,85.42,21.42,25,SHOES
4768,5MOCK,COLOR KIT 12 COLORS,3,302.37,377.88,75.51,20,PRO SHOP SUPPLIES
38091,1BRCO,COMBAT,1,125,129.95,4.95,4,BALLS
38393,1BRCOHY,COMBAT HYBRID,1,125,147.74,22.74,15,BALLS
37493,3BRCOBGR,COMMAND BLACK / GREY RH,1,40,50.34,10.34,21,SHOES
36791,2EBCSBK,COMPACT SGL TOTE BLACK,2,20,28.32,8.32,29,BAGS
38385,1STCO,CONCEPT,127,15240,18869.67,3629.67,19,BALLS
35970,5VIITTS,CONVERSION SLEEVES,12,3,8.16,5.16,63,ACCESSORIES
38262,1GLCO,COVE,1,112.34,150.7,38.36,25,BALLS
38263,1SWCRHY,CRAZE HYBRID,2,145,187.91,42.91,23,BALLS
37908,1SWCRPL,CRAZE PEARL,1,70,91.58,21.58,24,BALLS
38326,1BRCR78,CROWN 78U,3,270,331.68,61.68,19,BALLS
20354,5BRCFCO6,CROWN FACTORY COMPOUND 6oz,3,16.5,23.25,6.75,29,ACCESSORIES
20355,5BRCFCOQ,CROWN FACTORY COMPOUND QUART,3,51,68.77,17.77,26,ACCESSORIES
20352,5BRCFP6,CROWN FACTORY POLISH 6oz,2,11,15.05,4.05,27,ACCESSORIES
20353,5BRCFPQ,CROWN FACTORY POLISH QUART,3,51,68.77,17.77,26,ACCESSORIES
20358,5BRCFC7,CROWN FOAMING CLEANER 7oz,1,5.5,7.44,1.94,26,ACCESSORIES
20357,5BRCSGQ,CROWN SCRUBBING GEL QUART,3,51,67.44,16.44,24,ACCESSORIES
37976,1BRCV,CROWN VICTORY,5,450,558.06,108.06,19,BALLS
38394,1BRCVPL,CROWN VICTORY PEARL,18,1620,1985.61,365.61,18,BALLS
37593,2KRC1DO,CRUISER 1 DONUTS,1,47.27,73.44,26.17,36,BAGS
4624,2KRC1PUWB,CRUISER 1 PURPLE / WHITE / BK,3,150.42,200.35,49.93,25,BAGS
17239,2KRC1RWB,CRUISER 1 RED / WHITE / BLACK,2,100.26,136.53,36.27,27,BAGS
10133,2KRC1RWB,CRUISER 1 ROYAL / WHITE / BLACK,2,100.22,139.5,39.28,28,BAGS
28215,2KRC1RST,CRUISER 1 STONE,2,100.28,138.01,37.73,27,BAGS
35701,2KRC1TL,CRUISER 1 TEAL,3,150.42,207.77,57.35,28,BAGS
37592,2KRC1WL,CRUISER 1 WHITE LEOPARD,2,104.48,143.01,38.53,27,BAGS
4612,2KRC2BK,CRUISER 2 BLACK,5,322.9,442.63,119.73,27,BAGS
37610,2KRC2DO,CRUISER 2 DONUTS,2,130.36,183.99,53.63,29,BAGS
37116,2KRC2GN,CRUISER 2 GREY / NAVY,3,192.84,261.95,69.11,26,BAGS
28222,2KRC2PK,CRUISER 2 PINK,3,193.74,261.94,68.2,26,BAGS
23625,2KRC2PUW,CRUISER 2 PURPLE / WHITE / BLACK,3,193.71,259.08,65.37,25,BAGS
19722,2KRC2RWB,CRUISER 2 RED / WHITE / BLACK,4,258.28,355.63,97.35,27,BAGS
9027,2KRC2BWB,CRUISER 2 ROYAL / WHITE / BLACK,6,387.48,526.75,139.27,26,BAGS
35014,2KRC2TL,CRUISER 2 TEAL,1,64.58,86.04,21.46,25,BAGS
38126,2KRC2WBS,CRUISER 2 WH / BK / RED SPLASH,2,134.4,184.48,50.08,27,BAGS
26864,2KRC3BK,CRUISER 3 ROLLER BLACK,4,344.4,460.82,116.42,25,BAGS
26865,2KRC3RO,CRUISER 3 ROLLER ROYAL,3,258.3,359.54,101.24,28,BAGS
37598,2KRCL2GO,CRUISER LUX DBL ROLLER GOLD,1,71.25,95.3,24.05,25,BAGS
37597,2KRCL2SI,CRUISER LUX DBL ROLLER SILVER,2,142.5,211.19,68.69,33,BAGS
35759,2KRCRS2RE,CRUISER SCRATCH 2 ROLLER RED,1,35,75.95,40.95,54,BAGS
24147,5VICSBP1,CS HYBRID BALL PLUG KIT (1 Gal ),2,135,187.32,52.32,28,PRO SHOP SUPPLIES
16887,5VICSBP2,CS HYBRID BALL PLUG KIT (2 Gal ),4,450,602.81,152.81,25,PRO SHOP SUPPLIES
38324,1BRDZBK,DANGER ZONE BLACK,28,2184,2755.11,571.11,21,BALLS
38325,1BRDZPI,DANGER ZONE PURPLE ICE,15,1170,1471.02,301.02,20,BALLS
38332,5BRDZRS,DANGER ZONE RUBBER SHAMMY,4,42,57.04,15.04,26,ACCESSORIES
38352,1DVDSCU,DARK SIDE CURSE,6,540,673.97,133.97,20,BALLS
38374,1RADI,DEEP IMPACT,1,125,147.47,22.47,15,BALLS
37924,5STSHOBD,DELUXE OVAL BOLT SHAMMY BLUE,5,42.45,59.29,16.84,28,ACCESSORIES
24471,5GESSDBK,DELUXE SEE SAW BLACK,4,16,27,11,41,ACCESSORIES
24034,5GESSDBB,DELUXE SEE SAW BLACK / BLUE,4,20,27,7,26,ACCESSORIES
3847,4MADWGR,DELUXE WRISTGLOVE RH,3,46.23,56.76,10.53,19,GLOVES
37145,3HADEWBR,DESTINY WHITE / BLACK RH,1,50,61.6,11.6,19,SHOES
36677,3DEDKBP,DEXLITE KNIT BLACK / PINK,4,174,198,24,12,SHOES
38135,2KRDIAB,DIAMOND ADD ON BAG,1,16.28,21.47,5.19,24,BAGS
37735,2KRDISB,DIAMOND SHOE BAG BLACK,1,20.56,27.32,6.76,25,BAGS
24314,5MODSBL,DISK SHAMMY BLUE,4,33.6,45.92,12.32,27,ACCESSORIES
36763,5MODSLI,DISK SHAMMY LIME,3,25.2,34.44,9.24,27,ACCESSORIES
25128,5MODSPU,DISK SHAMMY PURPLE,2,16.8,22.96,6.16,27,ACCESSORIES
24315,5MODSRD,DISK SHAMMY RED,4,33.6,45.66,12.06,26,ACCESSORIES
38176,5KRDSDCA,DISNEY SHAMMY CARS,4,51.44,60,8.56,14,ACCESSORIES
38179,5KRDSDLS,DISNEY SHAMMY LILO & STITCH,1,12.86,17.01,4.15,24,ACCESSORIES
38180,5KRDSDMF,DISNEY SHAMMY MICKEY AND FRIENDS,2,25.72,33.64,7.92,24,ACCESSORIES
38183,5KRDSDMNM,DISNEY SHAMMY MINNIE MOUSE,1,12.86,16.63,3.77,23,ACCESSORIES
38185,5KRDSDST,DISNEY SHAMMY STITCH,3,38.58,45,6.42,14,ACCESSORIES
7375,2VIDCTBL,DOUBLE CLEAR TOTE BLUE,1,21.6,28.51,6.91,24,BAGS
38246,2STDBTAP,DOUBLE TOTE ABSTRACT PURPLE,3,63,83.88,20.88,25,BAGS
38244,2STDTDXAP,DOUBLE TOTE DX ABSTACT PURPLE,8,184,246.27,62.27,25,BAGS
38245,2STDTDXSB,DOUBLE TOTE DX STEEL BLUE,7,161,216.09,55.09,25,BAGS
38247,2STDBTSB,DOUBLE TOTE STEEL BLUE,1,21,28.17,7.17,25,BAGS
38428,1DVDBT,DOUBLE TROUBLE,6,630,769.06,139.06,18,BALLS
38384,1SWDRPCC,DRAGON POLY COTTON CANDY,3,144,192.34,48.34,25,BALLS
35471,5VIDBWS1516,DRILL BIT WITH STOPPER 1 5/16,2,138,186.3,48.3,26,ACCESSORIES
35472,5VIDBWS1716,DRILL BIT WITH STOPPER 1 7/16,2,150,199.72,49.72,25,ACCESSORIES
21557,5SCDT,DRILLING TABLETS,2,4.68,8.5,3.82,45,PRO SHOP SUPPLIES
36328,2KRDRGC3,DRIVE 3 DUAL WHEELS GREY / CAMO,2,258,312.84,54.84,18,BAGS
36820,5EBDD,DRY DOG NAVY,1,6,8.88,2.88,32,ACCESSORIES
37601,2KRDSSTWL,DYE SUB SLIM 3 WHITE LEOPARD,1,59.85,85.58,25.73,30,BAGS
37458,2HADS3TPA,DYE-SUB 3 TOTE PINK ARROWS,1,60,87,27,31,BAGS
37082,5BRSSDS,DYE-SUB SHOE SLIDER,4,16,23,7,30,ACCESSORIES
37442,5BRBCES,EASY GLIDE BALL CUP,4,19,26.56,7.56,28,ACCESSORIES
36819,5EBSHB,EBONITE SHOE BRUSH,4,10,14.4,4.4,31,ACCESSORIES
36821,5EBSHSL,EBONITE SHOE SLIDER,2,8,10.95,2.95,27,ACCESSORIES
37863,1HAEFTO,EFFECT TOUR,4,500,615.57,115.57,19,BALLS
36377,5KRES,ELBOW SUPPORT,6,26.76,37.66,10.9,29,ACCESSORIES
38261,1GLEM,EMBER,6,671.76,868.04,196.28,23,BALLS
27263,5KREGSPH,EMOJI GRIP SACKS POO HAPPENS,1,5.5,8.4,2.9,35,ACCESSORIES
38302,1BREN,ENERGIZE,1,125,134.95,9.95,7,BALLS
36221,3KREPBCR,EPIC BLACK / CHARCOAL RH,1,52.07,66.15,14.08,21,SHOES
37917,1STEQ,EQUINOX,4,510.08,626.81,116.73,19,BALLS
38298,1STEQSO,EQUINOX SOLID,17,2174.64,2637.32,462.68,18,BALLS
38064,1BRETSO,ETHOS SOLID,1,105,122.76,17.76,14,BALLS
36353,5POEP2,EVERCLEAR PLUG 2 GAL KIT,1,130,171.54,41.54,24,PRO SHOP SUPPLIES
37930,1MOEH,EVOKE HYSTERIA,5,615.95,727.99,112.04,15,BALLS
38373,1MOEM,EVOKE MAYHEM,21,2645.79,3165.11,519.32,16,BALLS
21373,5GEEL8.5,EVOLUTION ELEVATE 8.5oz,18,82.77,109.26,26.49,24,ACCESSORIES
20650,5GEEIQNS,EVOLUTION INTENSE QT (refill),1,12.02,15.44,3.42,22,ACCESSORIES
20643,5GEEM8,EVOLUTION MAXX 8oz,26,136.5,172.28,35.78,21,ACCESSORIES
20648,5GEEMQNS,EVOLUTION MAXX QT (Refill),1,16.48,20.55,4.07,20,ACCESSORIES
20632,5GEEX1CPTRE,EXCEL 1 CLASSIC PRE-CUT RED,28,154,199.06,45.06,23,ACCESSORIES
21381,5GEEXC1PCRE,EXCEL 1 COPPER PRE-CUT RED,20,119,157.24,38.24,24,ACCESSORIES
20633,5GEEX2CPTBL,EXCEL 2 CLASSIC PRE-CUT BLUE,20,110,143.14,33.14,23,ACCESSORIES
21382,5GEEXC2PCBL,EXCEL 2 COPPER PRE-CUT BLUE,9,53.55,71.31,17.76,25,ACCESSORIES
20634,5GEEX3CPTPU,EXCEL 3 CLASSIC PRE-CUT PURPLE,14,77,102.7,25.7,25,ACCESSORIES
21383,5GEEXC3PCPU,EXCEL 3 COPPER PRE-CUT PURPLE,6,35.7,47.88,12.18,25,ACCESSORIES
20635,5GEEX4CPTOR,EXCEL 4 CLASSIC PRE-CUT ORANGE,10,55,75.11,20.11,27,ACCESSORIES
21384,5GEEXC4PCOR,EXCEL 4 COPPER PRE-CUT ORANGE,8,47.6,61.57,13.97,23,ACCESSORIES
20636,5GEEX5CPTAQ,EXCEL 5 CLASSIC PRE-CUT AQUA,2,11,13.8,2.8,20,ACCESSORIES
20637,5GEEX6CSP,EXCEL CLASSIC SAMPLE PACK (2 EA),10,13.5,21.06,7.56,36,ACCESSORIES
21385,5GEEXC6PCSP,EXCEL COPPER PRE-CUT SAMPLE,3,4.05,6.21,2.16,35,ACCESSORIES
35304,5GEEXCRBL,EXCEL COPPER ROLL BLUE,2,12.1,16.2,4.1,25,ACCESSORIES
24039,5GEETGP40,EXCEL TAPE GLOW PINK 40ct,7,37.1,49.6,12.5,25,ACCESSORIES
37618,5MOEKBG,EXOFLEX KT PRE-CUT BLACK / GRAY,2,18.48,25.15,6.67,27,ACCESSORIES
37620,5MOEKBO,EXOFLEX KT PRE-CUT BLACK / ORG,1,9.24,12.79,3.55,28,ACCESSORIES
36344,5POFFP6,FACTORY FINISH POLISH 6oz,6,34.5,46.44,11.94,26,ACCESSORIES
37496,3BRFABB,FANATIC BLACK / BLUE,7,218.31,297.27,78.96,27,SHOES
37497,3BRFABR,FANATIC BLACK / RED,4,125,168.54,43.54,26,SHOES
25840,2KRFASCH,FAST SINGLE TOTE CHARCOAL,5,78.15,109.5,31.35,29,BAGS
25841,2KRFASPU,FAST SINGLE TOTE PURPLE,4,63,94.4,31.4,33,BAGS
36306,2KRFARE,FAST SINGLE TOTE RED,6,94.5,133.34,38.84,29,BAGS
25839,2KRFASRO,FAST SINGLE TOTE ROYAL,5,75.2,106.2,31,29,BAGS
37785,4KRFTPL,FAST TWIST PRO LIFT RH,1,16,23.13,7.13,31,GLOVES
22312,5VIFTDB,FEEL TAPE DARK BLUE,6,15,22.44,7.44,33,ACCESSORIES
22303,5VIFTLB,FEEL TAPE LIGHT BLUE,6,16.53,22.44,5.91,26,ACCESSORIES
22321,5VIFTOR,FEEL TAPE ORANGE,6,15,22.44,7.44,33,ACCESSORIES
22318,5VIFTPU,FEEL TAPE PURPLE,5,12.5,18.83,6.33,34,ACCESSORIES
22309,5VIFTRE,FEEL TAPE RED,7,17.5,26.5,9,34,ACCESSORIES
22300,5VIFTSI,FEEL TAPE SILVER,13,32.5,48.62,16.12,33,ACCESSORIES
35595,5TUFISBK,FINGER INNER SLEEVE BLACK,12,19.2,29.52,10.32,35,ACCESSORIES
35596,5TUFISOBK,FINGER OUTER SLEEVE BLACK,10,15.5,24.6,9.1,37,ACCESSORIES
4942,5TUTRBE,FITTING TAPE BEIGE ROLL,10,60.5,99.61,39.11,39,ACCESSORIES
9721,5TUTRDBK,FITTING TAPE DRIVEN BLACK ROLL,7,34.65,53.74,19.09,36,ACCESSORIES
4943,5TUTRPU,FITTING TAPE PURPLE ROLL,5,30.25,49.63,19.38,39,ACCESSORIES
20527,5MOFTF,FLEX TAPE FAST RELEASE BLK,14,88.2,121.7,33.5,28,ACCESSORIES
20526,5MOFTM,FLEX TAPE MED RELEASE GRAY,23,144.88,204.45,59.57,29,ACCESSORIES
20525,5MOFTS,FLEX TAPE SLOW RELEASE ORG,20,125.93,172.24,46.31,27,ACCESSORIES
11997,5TUFT,FLEXI-TIPS (24CT),1,3,3.69,0.69,19,PRO SHOP SUPPLIES
36396,5KRFSCDO,FLEXX SHOE COVER DONUTS,3,25.96,35.21,9.25,26,ACCESSORIES
38143,5KRFLSCFL,FLEXX SHOE COVER FLAMINGOS,1,8.66,11.35,2.69,24,ACCESSORIES
36391,5KRFSCGC,FLEXX SHOE COVER GREY CAMO,2,17.28,25.16,7.88,31,ACCESSORIES
36395,5KRFSCGS,FLEXX SHOE COVER GREY SCRATCH,2,17.32,25.02,7.7,31,ACCESSORIES
36656,5KRFLSCNC,FLEXX SHOE COVER NAVY CAMO,5,41.45,61.53,20.08,33,ACCESSORIES
36392,5KRFSCPR,FLEXX SHOE COVER PINK RIBBONS,1,8.66,12.51,3.85,31,ACCESSORIES
36393,5KRFSCRS,FLEXX SHOE COVER RED SCRATCH,4,34.64,51.6,16.96,33,ACCESSORIES
37110,2KRFSPS,FLEXX SINGLE PUR / SIL SCRATCH,1,21.79,30.64,8.85,29,BAGS
13789,2KRFSIBK,FLEXX SINGLE TOTE BLACK,2,41.48,58.33,16.85,29,BAGS
13790,2KRFSIRO,FLEXX SINGLE TOTE ROYAL,4,82.66,112.98,30.32,27,BAGS
25456,2KRFSIST,FLEXX SINGLE TOTE STONE,9,186.66,254.2,67.54,27,BAGS
36376,5KRFWS,FLEXX WRIST SUPPORT,4,18.91,26.58,7.67,29,ACCESSORIES
38248,2STFSEB,FLIP SINGLE BK / ELECTRIC BLUE,1,23,32.59,9.59,29,BAGS
15396,2STFSBK,FLIP SINGLE BLACK,2,46,61.74,15.74,25,BAGS
12318,2STFSBR,FLIP SINGLE BLACK / ROYAL,1,22.09,31.9,9.81,31,BAGS
38249,2STFSSF,FLIP SINGLE BLACK / SEA FOAM,1,23,31.56,8.56,27,BAGS
36603,3KRFLLBK,FLYER LITE BLACK,59,1321.45,1893.9,572.45,30,SHOES
36620,3KRFLLBKW,FLYER LITE BLACK WIDE,1,22.75,32.1,9.35,29,SHOES
36972,3KRFLLRC,FLYER LITE RED CAMO,5,117.9,168.95,51.05,30,SHOES
35238,3KRFLLSB,FLYER LITE SLATE / BLACK,8,182.56,256.8,74.24,29,SHOES
36606,3KRFLMBC,FLYER MESH BK / CARDINAL,6,154.7,209.4,54.7,26,SHOES
36214,3KRFLMRO,FLYER MESH BK / ROYAL,17,442.94,584.38,141.44,24,SHOES
36605,3KRFLMROW,FLYER MESH BK / ROYAL WIDE,1,25.68,33.26,7.58,23,SHOES
26171,3KRFLMBS,FLYER MESH BLACK / STEEL,11,286.48,385.16,98.68,26,SHOES
35594,3KRFLMBSW,FLYER MESH BLACK / STEEL WIDE,6,150.18,204.1,53.92,26,SHOES
36619,3KRFLMBSY,FLYER MESH BLACK / STEEL YOUTH,1,25.71,33.26,7.55,23,SHOES
37527,3KRFLMGT,FLYER MESH GREY / TAN,3,72,101.68,29.68,29,SHOES
36601,3KRFLMVRY,FLYER MESH VELCRO ROYAL YOUTH,3,78.61,100.54,21.93,22,SHOES
37323,5GLFHH15,FORMULA HEEL H15,2,12,17.1,5.1,30,ACCESSORIES
37324,5GLFHH17,FORMULA HEEL H17,2,14,19.22,5.22,27,ACCESSORIES
37328,5GLFSS10,FORMULA SLIDE SOLE S10,8,56,77.3,21.3,28,ACCESSORIES
37329,5GLFSS18,FORMULA SLIDE SOLE S18,1,7,9.24,2.24,24,ACCESSORIES
37325,5GLFSS2,FORMULA SLIDE SOLE S2,1,8.5,11.22,2.72,24,ACCESSORIES
37326,5GLFSS4,FORMULA SLIDE SOLE S4,1,7,9.24,2.24,24,ACCESSORIES
37327,5GLFSS8,FORMULA SLIDE SOLE S8,1,8.5,11.22,2.72,24,ACCESSORIES
35382,5FOMGDZ,FORREST MOR-GRIP DOZEN,1,16.46,22.44,5.98,27,ACCESSORIES
4167,5FORBDZ,FORREST ROSIN BAGS DOZEN,2,27.78,40,12.22,31,ACCESSORIES
38430,1HAEFFL,FULL EFFECT,79,9875,12084.69,2209.69,18,BALLS
36754,3BRFUBKR,FURY BLACK RH,2,222.38,275.66,53.28,19,SHOES
38264,1SWFUHY,FUSION HYBRID,4,335,399.88,64.88,16,BALLS
36087,5MAFSCLA,FUZZY SHOE COVER LAVENDER,3,28.47,40.47,12,30,ACCESSORIES
36398,5KRFUSCPK,FUZZY SHOE COVER PINK,1,8.83,12.64,3.81,30,ACCESSORIES
36397,5KRFUSCPU,FUZZY SHOE COVER PURPLE,1,8.92,11.7,2.78,24,ACCESSORIES
37505,1EBGB5,GAME BREAKER 5,3,240,299.33,59.33,20,BALLS
38429,1EBGB5HY,GAME BREAKER 5 HYBRID,17,1445,1786.15,341.15,19,BALLS
37934,1EBGB5PL,GAME BREAKER 5 PEARL,4,320,399.81,79.81,20,BALLS
38024,2HAG2CA,GAUNTLET 2 ROLLER CAMO,1,95,113.6,18.6,16,BAGS
38023,2HAG2GR,GAUNTLET 2 ROLLER GREY,2,190,246.49,56.49,23,BAGS
38021,3KRGDLG,GLIDE LIGHT GREY,1,33,43.7,10.7,24,SHOES
37944,3KRGLBM,GLITZ BLACK / MAGENTA,1,27.2,39.6,12.4,31,SHOES
36615,3KRGLBP,GLITZ BLACK / PURPLE,10,272.34,368.08,95.74,26,SHOES
36828,5GLSHZ,GLOBAL 900 SHAMMY ZEN,5,50,62.89,12.89,20,ACCESSORIES
37790,1GLONX,GLOBAL ONYX CLEAR,1,96.14,114.45,18.31,16,BALLS
35538,5VIGET,GLUE EXTENDER TIPS 6CT,2,5,7.88,2.88,37,ACCESSORIES
36083,5GEGSSB,GOLD SERIES SHOE BRUSH,1,3.35,4.44,1.09,25,ACCESSORIES
35944,5BRGPWHE,GREASE PENCIL WHITE EACH,15,3.15,6.63,3.48,52,PRO SHOP SUPPLIES
35943,5BRGPYEE,GREASE PENCIL YELLOW EACH,27,5.67,11.55,5.88,51,PRO SHOP SUPPLIES
38115,1ROGR,GREMLIN,5,522.55,658.24,135.69,21,BALLS
38276,5RTSHG,GREMLIN SHAMMY,8,76,106.46,30.46,29,ACCESSORIES
38388,1ROGTX,GREMLIN TOUR-X,70,7350,9175.47,1825.47,20,BALLS
20283,4BRGAR,GRIP ALL GLOVE RH,1,9,13.4,4.4,33,GLOVES
38145,5KRGBBB,GRIP BALL BASEBALL,1,3.9,5.51,1.61,29,ACCESSORIES
37675,5KRGBDO,GRIP BALL DONUTS,3,10.5,18.15,7.65,42,ACCESSORIES
37676,5KRGBSH,GRIP BALL SHAMROCKS,1,3.79,5.51,1.72,31,ACCESSORIES
37674,5KRGBUSA,GRIP BALL USA FLAG,3,10.5,18.15,7.65,42,ACCESSORIES
38272,5MOGDWO,GRIP DISC JACKAL WHITE / ORANGE,2,21,29.34,8.34,28,ACCESSORIES
37740,5MOGDPV,GRIP DISC PINK VENOM,1,10.5,14.51,4.01,28,ACCESSORIES
38392,5MOGDJA,GRIP DISK JACKAL APEX,2,21,29.34,8.34,28,ACCESSORIES
36452,5KRGS,GRIP SACK,6,20.4,30.21,9.81,32,ACCESSORIES
35689,2BRGRBP,GROOVE BACKPACK GREY,1,24,31.24,7.24,23,BAGS
16413,5VIH1PCBL,HADA 1 PRE-CUT BLUE,42,249.9,367.32,117.42,32,ACCESSORIES
16415,5VIH2PCRE,HADA 2 PRE-CUT RED,68,404.6,607.46,202.86,33,ACCESSORIES
16417,5VIH3PCAQ,HADA 3 PRE-CUT AQUA,7,41.65,60.81,19.16,32,ACCESSORIES
16419,5VIH4PCGR,HADA 4 PRE-CUT GRAY,11,65.45,93.58,28.13,30,ACCESSORIES
4772,5VIHPR,HADA PATCH ROLL,5,45.5,61.45,15.95,26,ACCESSORIES
27638,5VIHLPCBK,HADA PRE-CUT LOGO BLACK,6,35.7,50.73,15.03,30,ACCESSORIES
36703,5HABC,HAMMER BALL CUP,3,9,12.42,3.42,28,ACCESSORIES
37139,5HACMSK,HAMMER CLEAR MAGIC STARTER KIT,1,5,6.69,1.69,25,ACCESSORIES
37134,5HAGGB,HAMMER GIANT GRIP BALL,1,5,7.07,2.07,29,ACCESSORIES
36704,5HAGPO,HAMMER GREASE PENCIL ORANGE EACH,4,0.84,1.4,0.56,40,ACCESSORIES
36338,5HAGBBO,HAMMER GRIP BALL BLACK / ORANGE,5,20,27.31,7.31,27,ACCESSORIES
37462,5HAGBPI,HAMMER GRIP BALL PINK,2,8,11.56,3.56,31,ACCESSORIES
36343,5HAPT,HAMMER PREMIUM TOWEL GREY,5,20,27.25,7.25,27,ACCESSORIES
37449,2HARSTBK,HAMMER RAW SINGLE TOTE BLACK,1,22,26.81,4.81,18,BAGS
37452,2HARSTPI,HAMMER RAW SINGLE TOTE PINK,1,22,28.6,6.6,23,BAGS
36340,5HABCR,HAMMER ROTATING BALL CUP,1,9,13.6,4.6,34,ACCESSORIES
36700,5HASSC,HAMMER SEE SAW CAMO,2,12,16.2,4.2,26,ACCESSORIES
36701,5HASSD,HAMMER SEE SAW DIAMOND PLATE,7,42,58.05,16.05,28,ACCESSORIES
37465,5HASHBP,HAMMER SHAMMY BLACK / PINK,4,38,50.67,12.67,25,ACCESSORIES
27395,5HASHBW,HAMMER SHAMMY BLACK WIDOW,12,114,153.15,39.15,26,ACCESSORIES
38040,5HASHRUBL,HAMMER SHAMMY BW RUBBER BLUE,1,10.5,13.82,3.32,24,ACCESSORIES
37466,5HASHPI,HAMMER SHAMMY PINK,3,28.5,38.78,10.28,27,ACCESSORIES
37464,5HASHRP,HAMMER SHAMMY RUBBER PAD BLACK,3,28.5,38.22,9.72,25,ACCESSORIES
35316,5HASB,HAMMER SHOE BRUSH ORANGE,1,2.75,4.2,1.45,35,ACCESSORIES
19766,5HASCD,HAMMER SHOE COVER DIAMOND,1,8.5,11.35,2.85,25,ACCESSORIES
37936,1HAHH,HAMMERHEAD,2,180,227.72,47.72,21,BALLS
38351,1HAHHPL,HAMMERHEAD PEARL,12,1080,1339.49,259.49,19,BALLS
36448,5KRHC,HAND CONDITIONER,1,11.55,15.48,3.93,25,ACCESSORIES
38279,5INHST,HAND SCRAPING TOOL ( 2 blades ),1,26.85,35.06,8.21,23,PRO SHOP SUPPLIES
16391,5MIHBPG,HAUS BUFFING PAD GRAY EACH,5,4.84,8.8,3.96,45,PRO SHOP SUPPLIES
16392,5MIHBPM,HAUS BUFFING PAD MAROON EACH,5,4.85,8.8,3.95,45,PRO SHOP SUPPLIES
4753,5MOHD1/2GCC,HD 1/2 GALLON CLEAR RESIN,6,243,345.06,102.06,30,PRO SHOP SUPPLIES
4754,5MOHD1/2GH,HD 1/2 GALLON HARDENER,5,202.5,288.25,85.75,30,PRO SHOP SUPPLIES
4752,5MOBPHD,HD CLEAR PLUG KIT 2 GALLON KIT,7,1049.93,1385.67,335.74,24,PRO SHOP SUPPLIES
4755,5MOPP,HD PLUG PUMPS,4,35.96,56.44,20.48,36,PRO SHOP SUPPLIES
38316,1DVHEHY,HECKLER HYBRID,2,240,296.1,56.1,19,BALLS
3714,5DEH2UL,HEEL H2 ULTRA BRAKZ,2,16.48,24.12,7.64,32,ACCESSORIES
9892,5DEHH5S,HEEL H5 SAWTOOTH,1,8.25,12.73,4.48,35,ACCESSORIES
3708,5DEHH5S,HEEL H5 STANDARD,3,24.73,36.85,12.12,33,ACCESSORIES
12015,5DEHH6LE,HEEL H6 LEADING EDGE,1,10.25,14.65,4.4,30,ACCESSORIES
3712,5DEHH7,HEEL H7 RED LEATHER,26,214.5,322,107.5,33,ACCESSORIES
38004,3BRHEBK,HERO BLACK,8,256,329.47,73.47,22,SHOES
37927,5NEHI4E,HOOK-IT 4OZ EACH,4,15.16,22.13,6.97,31,ACCESSORIES
35984,5NEHIQ,HOOK-IT QUART,1,23.99,32.36,8.37,26,ACCESSORIES
17197,5MOBPHR,HR PLUG KIT 2 GALLON KIT,2,299.98,394.7,94.72,24,PRO SHOP SUPPLIES
37998,1ROHUEA,HUSTLE EARTH,5,366.95,469.78,102.83,22,BALLS
37997,1ROHUGL,HUSTLE GLOW,6,440.64,568.71,128.07,23,BALLS
37149,1ROHUMM,HUSTLE M&M,13,957.84,1185.45,227.61,19,BALLS
37573,1ROHUXR,HUSTLE X-RAY,11,810.7,1014.51,203.81,20,BALLS
5870,1STHR,HY-ROAD,6,581.12,734.7,153.58,21,BALLS
38071,1STHR40,HY-ROAD 40,5,482.45,544.75,62.3,11,BALLS
37591,2KRHY1BK,HYBRID 1 ROLLER BLACK,1,44.02,58.73,14.71,25,BAGS
37113,2KRHY1PK,HYBRID 1 ROLLER PINK,1,44.1,58.73,14.63,25,BAGS
36314,2KRHY1PU,HYBRID 1 ROLLER PURPLE,1,44.1,61.99,17.89,29,BAGS
36315,2KRHY1RE,HYBRID 1 ROLLER RED,1,40.97,58.73,17.76,30,BAGS
35755,2KRHY2PU,HYBRID 2 ROLLER PURPLE,1,54.34,72.72,18.38,25,BAGS
15989,2KRHY3BK,HYBRID X 3 ROLLER BLACK,1,80.85,104.59,23.74,23,BAGS
15990,2KRHY4BK,HYBRID X 4 ROLLER BLACK,5,765,990.68,225.68,23,BAGS
38253,5GEHCLS40,HYPER CONTROL LAUNCH STRIPS 40CT,1,6.95,9.14,2.19,24,ACCESSORIES
37773,5GEHRFT30,HYPER REV FINGER TAPE ORG 30ct,3,20.85,26.79,5.94,22,ACCESSORIES
37486,1MOVH,HYPER VENOM,5,531.92,624.2,92.28,15,BALLS
37836,2IA2RPK,I AM BOWLING 2B DX ROLLER PINK,8,492,559.6,67.6,12,BAGS
38329,1STICBWG,ICE BLACK / WHITE / GOLD,11,500.5,662.31,161.81,24,BALLS
37391,1STICOBW,ICE OCEAN BLUE / WHITE,16,728,972.36,244.36,25,BALLS
37791,1STICTSG,ICE TEAL / SILVER / GRAPHITE,22,1001,1329.88,328.88,25,BALLS
38120,1STID2,IDENTITY BK / CHERRY / PURPLE,13,1656.2,1299.35,-356.85,-27,BALLS
38092,1BRINQ,INFINITY QUEST,3,315,390.74,75.74,19,BALLS
35414,5INIS,INITIAL STICK,3,11.55,17.52,5.97,34,PRO SHOP SUPPLIES
35528,5TUIS11/4BK,INNER SLEEVE W/SLUG 1 1/4 BLACK,2,14.3,21.1,6.8,32,ACCESSORIES
35529,5TUIS11/4BL,INNER SLEEVE W/SLUG 1 1/4 BLUE,15,107.25,149.85,42.6,28,ACCESSORIES
35531,5TUIS11/4OR,INNER SLEEVE W/SLUG 1 1/4 ORANGE,2,14.3,19.98,5.68,28,ACCESSORIES
35532,5TUIS11/4RE,INNER SLEEVE W/SLUG 1 1/4 RED,10,71.5,99.9,28.4,28,ACCESSORIES
35533,5TUIS11/4WH,INNER SLEEVE W/SLUG 1 1/4 WHITE,6,43.46,64.62,21.16,33,ACCESSORIES
20543,5INBS,INNOVATIVE BEVEL SANDER,2,258,313.48,55.48,18,PRO SHOP SUPPLIES
35377,5INBK,INNOVATIVE RED BEVEL KNIFE,1,15.85,23.75,7.9,33,PRO SHOP SUPPLIES
36495,5KRIP31,INSERT PULLER 31/32,1,25.73,34.97,9.24,26,PRO SHOP SUPPLIES
35539,5VIICPGBL1/2,INSTA-CURE PL GLUE BLUE 1/2oz,3,12,18.09,6.09,34,PRO SHOP SUPPLIES
7332,5VIICPGPU1/2,INSTA-CURE PL GLUE PURPLE 1/2oz,71,169.69,428.49,258.8,60,PRO SHOP SUPPLIES
37136,5VIICPGPU4,INSTA-CURE PL GLUE PURPLE 2oz,15,150,176.54,26.54,15,PRO SHOP SUPPLIES
38307,1RAIR,INTEL RECON,1,95,126.75,31.75,25,BALLS
37778,1STIM,ION MAX,16,2045,2581.55,536.55,21,BALLS
38387,1STIMPL,ION MAX PEARL,128,16384,20182.76,3798.76,19,BALLS
38070,1STIPSO,ION PRO SOLID,15,1918.34,2345.9,427.56,18,BALLS
37353,1STIQ78,IQ TOUR 78/U,4,458.93,556.31,97.38,18,BALLS
37929,1STIQTAI,IQ TOUR A.I.,5,574.34,689.63,115.29,17,BALLS
13008,1STIQTM,IQ TOUR MIDNIGHT BLUE,12,1378.01,1767.75,389.74,22,BALLS
35508,5VIIIT13/8,IT INSERTION TOOL 1 3/8,1,12,16.2,4.2,26,ACCESSORIES
35584,5VIIRS3/8,IT RECEIVING SLEEVE 1 3/8,-3,-11.25,-25.5,-14.25,-56,ACCESSORIES
9726,5VIITTS1/4,IT TOP SLEEVE 1 1/4 (25CT),10,75,111.24,36.24,33,ACCESSORIES
7352,5VIITTS3/8,IT TOP SLEEVE 1 3/8 (25CT),11,82.5,119.64,37.14,31,ACCESSORIES
35522,5VIITTS9/16,IT TOP SLEEVE 1 9/16 (25CT),1,7.5,11.4,3.9,34,ACCESSORIES
15220,5VIIWSBK,IT W/SLUG BLACK 12ct,2,150.58,204.97,54.39,27,ACCESSORIES
35535,5VIIWSBL,IT W/SLUG BLUE 12ct,1,74.23,106.2,31.97,30,ACCESSORIES
35543,5VIIWSGR,IT W/SLUG GRAPE 12ct,1,73.78,106.2,32.42,31,ACCESSORIES
35544,5VIIWSGN,IT W/SLUG GREEN 12ct,1,75.29,106.2,30.91,29,ACCESSORIES
35548,5VIIWSNE,IT W/SLUG NEON 12ct,1,74.34,106.2,31.86,30,ACCESSORIES
35550,5VIIWSPI,IT W/SLUG PINK 12ct,1,73.01,98.77,25.76,26,ACCESSORIES
35545,5VIIWSRE,IT W/SLUG RED 12ct,1,73.87,100.89,27.02,27,ACCESSORIES
37895,1MOJAON,JACKAL ONYX,3,394.77,480.96,86.19,18,BALLS
37789,1ROJE,JESTER CLEAR POLY,3,274.38,328.48,54.1,16,BALLS
38095,3KRJBSR,JET FT BLACK / SILVER RH,7,423.5,556.46,132.96,24,SHOES
37645,5JPTTAL,JOPO ALUMINUM TWIST TOOL,2,100,132.6,32.6,25,ACCESSORIES
36555,5JPISBK,JOPO INNER SLEEVE BLACK,25,155,239,84,35,ACCESSORIES
36556,5JPLIS1/4BK,JOPO LOADED INNER BLACK 1 1/4,7,59.5,87.73,28.23,32,ACCESSORIES
36765,5JPLIS3/8BK,JOPO LOADED INNER BLACK 1 3/8,15,145.5,214.8,69.3,32,ACCESSORIES
37296,5JPLIS1/4BL,JOPO LOADED INNER BLUE 1 1/4,2,17,24.48,7.48,31,ACCESSORIES
37301,5JPLIS3/8BL,JOPO LOADED INNER BLUE 1 3/8,5,48.5,73.4,24.9,34,ACCESSORIES
37295,5JPLIS1/4GR,JOPO LOADED INNER GREEN 1 1/4,5,42.5,63.1,20.6,33,ACCESSORIES
37299,5JPLIS3/8GR,JOPO LOADED INNER GREEN 1 3/8,6,58.2,87.31,29.11,33,ACCESSORIES
37300,5JPLIS3/8PU,JOPO LOADED INNER PURPLE 1 3/8,5,48.5,73.4,24.9,34,ACCESSORIES
37294,5JPLIS1/4RE,JOPO LOADED INNER RED 1 1/4,2,17,24.48,7.48,31,ACCESSORIES
37298,5JPLIS3/8RE,JOPO LOADED INNER RED 1 3/8,6,58.2,87.61,29.41,34,ACCESSORIES
37798,5JPLISP1/4TW,JOPO LOADED TWISTED 1 1/4 (5PK),3,150,220.66,70.66,32,ACCESSORIES
36554,5JPOSBK,JOPO OUTER SLEEVE BLACK,241,1325.5,2001.79,676.29,34,ACCESSORIES
36955,5JPOSBL,JOPO OUTER SLEEVE BLUE,13,71.5,106.28,34.78,33,ACCESSORIES
36962,5JPOSGR,JOPO OUTER SLEEVE GREEN,8,44,63.6,19.6,31,ACCESSORIES
36958,5JPOSOR,JOPO OUTER SLEEVE ORANGE,12,66,94.86,28.86,30,ACCESSORIES
36960,5JPOSPK,JOPO OUTER SLEEVE PINK,10,55,78.66,23.66,30,ACCESSORIES
36961,5JPOSPU,JOPO OUTER SLEEVE PURPLE,19,104.5,158.74,54.24,34,ACCESSORIES
36959,5JPOSRE,JOPO OUTER SLEEVE RED,11,60.5,86.58,26.08,30,ACCESSORIES
36956,5JPOSWH,JOPO OUTER SLEEVE WHITE,22,121,175.04,54.04,31,ACCESSORIES
36957,5JPOSYE,JOPO OUTER SLEEVE YELLOW,12,66,98.36,32.36,33,ACCESSORIES
37648,6JPPFOBK,JOPO PFO BLACK,25,15,25.05,10.05,40,INSERTS
37653,6JPPFOBL,JOPO PFO BLUE,17,10.2,17.13,6.93,40,INSERTS
37655,6JPPFOPK,JOPO PFO PINK,15,9,15.15,6.15,41,INSERTS
37656,6JPPFOPU,JOPO PFO PURPLE,4,2.4,3.96,1.56,39,INSERTS
38111,6JPS11/4,JOPO SOLIDS 1 1/4,25,48.75,74.65,25.9,35,INSERTS
38110,6JPS1/18,JOPO SOLIDS 1 1/8,10,19.5,31,11.5,37,INSERTS
38112,6JPS1/3/8,JOPO SOLIDS 1 3/8,21,40.95,61.79,20.84,34,INSERTS
36557,5JPTT,JOPO TWIST TOOL,27,178.56,245.06,66.5,27,ACCESSORIES
38375,1SWJH,JUDGEMENT HYBRID,1,120,139.92,19.92,14,BALLS
21375,5GEKMPCBE,K-MOTION PRE-CUT BEIGE,7,62.65,84.42,21.77,26,ACCESSORIES
20626,5GEKMPCBK,K-MOTION PRE-CUT BLACK,33,295.35,397.8,102.45,26,ACCESSORIES
20624,5GEKMPCBL,K-MOTION PRE-CUT BLUE,12,107.4,145.23,37.83,26,ACCESSORIES
37524,5GEKMPCGR,K-MOTION PRE-CUT GREY,4,35.4,47.9,12.5,26,ACCESSORIES
35509,5GEKMPCHP,K-MOTION PRE-CUT HOT PINK,2,17.9,23.32,5.42,23,ACCESSORIES
37224,5GEKMPCOR,K-MOTION PRE-CUT ORANGE,4,35.8,47.51,11.71,25,ACCESSORIES
36924,5GEKMPCPU,K-MOTION PRE-CUT PURPLE,11,98.45,129.01,30.56,24,ACCESSORIES
20625,5GEKMPCRE,K-MOTION PRE-CUT RED,9,80.55,107.5,26.95,25,ACCESSORIES
24030,5GEKMPCS,K-MOTION PRE-CUT SAMPLE PACK,2,4.2,6.12,1.92,31,ACCESSORIES
20629,5GEKMRBL,K-MOTION ROLL BLACK,1,8.95,11.4,2.45,21,ACCESSORIES
35510,5GEKMRHP,K-MOTION ROLL HOT PINK,1,8.95,11.4,2.45,21,ACCESSORIES
38234,3DEKMCA,KAM CAMO,2,75,94.34,19.34,21,SHOES
25981,3DEKMCG,KAM CHARCOAL / GREY,4,149.8,192.96,43.16,22,SHOES
20150,3BRKAGR,KARMA GREY,1,28,39.88,11.88,30,SHOES
37563,3DEKRLG,KERRIE LIGHT GREY,1,31.84,48.21,16.37,34,SHOES
37489,3GKIIUBK,KICKS II UNISEX BLACK,3,89.28,117.93,28.65,24,SHOES
37490,3GKIIUBB,KICKS II UNISEX BLACK / BLUE,2,54.82,83.16,28.34,34,SHOES
37443,3GKIIUGR,KICKS II UNISEX GRAY,3,88.29,117.94,29.65,25,SHOES
23200,3GKLBP,KICKS LADY BLACK / PINK,9,250.65,334.02,83.37,25,SHOES
11466,3GKUBK,KICKS UNISEX BLACK,6,170.76,233.83,63.07,27,SHOES
38129,2KRKO3BS,KONVOY 3 ROLLER BK / SMOKE,1,97,128.25,31.25,24,BAGS
37603,2KRKO3BC,KONVOY 3 ROLLER CARIBBEAN BLUE,1,97,138.94,41.94,30,BAGS
35762,2KRKO3RS,KONVOY 3 ROLLER RED / SMOKE,2,194,241.74,47.74,20,BAGS
36365,4KRKFBKL,KOOL FIT BLACK LH,9,96.84,136.6,39.76,29,GLOVES
36364,4KRKFBKR,KOOL FIT BLACK RH,39,419.35,580.23,160.88,28,GLOVES
36369,4KRKFPBKR,KOOL FIT PLUS BLACK RH,2,26.22,35.44,9.22,26,GLOVES
36976,5KRAP,KR ABRALON PAD EACH PKG,3,10.02,14.87,4.85,33,PRO SHOP SUPPLIES
37631,5KRPPBW,KR FOAM POLISHING PAD BK WAFFLE,2,19,26.38,7.38,28,ACCESSORIES
20385,5KRSHH5,KR HEEL H-5 Universal,2,14.7,20.6,5.9,29,ACCESSORIES
10893,2KRJPBK,KR JOEY PRO BLACK,1,14.69,20.73,6.04,29,BAGS
37960,1KRPOBS,KR POLY BLACK SPARKLE,8,312,385.84,73.84,19,BALLS
37958,1KRPOBBS,KR POLY BLUE / BK / SILVER,4,156,195,39,20,BALLS
37961,1KRPOBGS,KR POLY BLUE / GRN / SILVER,4,156,196.56,40.56,21,BALLS
37959,1KRPOPSW,KR POLY PINK / SKY / WHITE,10,390,478.4,88.4,18,BALLS
37957,1KRPOPRS,KR POLY PURPLE / ROYAL / SIL,18,702,868.14,166.14,19,BALLS
37956,1KRPORBW,KR POLY RED / BK / WHITE,7,273,343.2,70.2,20,BALLS
16883,2KRS1PU,KR SELECT 1 ROLLER PURPLE,-1,-32.79,-51.5,-18.71,-36,BAGS
9272,2KRS2BR,KR SELECT 2 ROLLER BK / ROYAL,1,36.85,61.5,24.65,40,BAGS
13917,2KRS2BS,KR SELECT 2 ROLLER BK / SILVER,2,73.1,123,49.9,41,BAGS
13918,2KRS3BS,KR SELECT 3 ROLLER BK / SILVER,1,53.38,91.75,38.37,42,BAGS
10378,2KRS3BK,KR SELECT 3 ROLLER BLACK,2,109.86,183.5,73.64,40,BAGS
20367,5KRSRS8,KR SOLE RH S-8,3,28.5,36.18,7.68,21,ACCESSORIES
4415,5MAKPA,KWIK PATCH ACCELERATOR,8,48,67.9,19.9,29,PRO SHOP SUPPLIES
9737,5STLSC,LADIES SHOE COVER BREAST CANCER,3,10.35,13.59,3.24,24,ACCESSORIES
37503,3BRLFBP,LADY FANATIC BLACK / PINK,1,30.14,40.52,10.38,26,SHOES
37502,3BRLFBW,LADY FANATIC BLACK / WHITE,1,30.65,40.52,9.87,24,SHOES
37487,3GKIILLA,LADY KICKS II LAVENDER,1,27.82,38.02,10.2,27,SHOES
35571,6VILGOPOBK,LADY O/PO BLACK,50,36,58.3,22.3,38,INSERTS
35572,6VILGOPOCL,LADY O/PO CLEAR,4,2.88,4.8,1.92,40,INSERTS
35573,6VILGOPOGN,LADY O/PO GREEN,10,7.2,11.6,4.4,38,INSERTS
35574,6VILGOPOOR,LADY O/PO ORANGE,5,3.6,5.8,2.2,38,INSERTS
35575,6VILGOPOPI,LADY O/PO PINK,25,18,28.2,10.2,36,INSERTS
35576,6VILGOPOWH,LADY O/PO WHITE,27,19.44,31.08,11.64,37,INSERTS
35577,6VILGOPOYE,LADY O/PO YELLOW,20,14.4,22.9,8.5,37,INSERTS
35567,6VILGPOBK,LADY P/O BLACK,9,6.48,10.56,4.08,39,INSERTS
35570,6VILGPOBL,LADY P/O BLUE,2,1.44,2.4,0.96,40,INSERTS
36031,6VILGPOOR,LADY P/O ORANGE,9,6.48,10.5,4.02,38,INSERTS
35569,6VILGPOPI,LADY P/O PINK,2,1.44,2.16,0.72,33,INSERTS
36033,6VILGPORE,LADY P/O RED,3,2.16,3.6,1.44,40,INSERTS
10136,6VILGPOWH,LADY P/O WHITE,15,10.8,17.1,6.3,37,INSERTS
35580,6VILGPSPI,LADY P/S PINK,14,10.08,16.8,6.72,40,INSERTS
36676,3DELPBBL,LADY PRO BOA BK / LEOPARD,2,124.5,164.44,39.94,24,SHOES
37054,3DELPBGB,LADY PRO BOA GREY / BLUE,10,605.4,779.78,174.38,22,SHOES
37562,3DELPBPE,LADY PRO BOA PEACH,2,112.5,99,-13.5,-14,SHOES
38240,3DELPBWL,LADY PRO BOA WHITE / LAVENDER,4,249,312.44,63.44,20,SHOES
38221,3DELS8PFBR,LADY SST 8 PF BLACK / ROSE,4,495,590.78,95.78,16,SHOES
37551,3DELS8PFWB,LADY SST 8 PF WHITE / BLUE,2,246.88,299.48,52.6,18,SHOES
38222,3DELS8PRWC,LADY SST 8 PRO CHAMPAGNE,2,192,241.39,49.39,20,SHOES
37550,3DELT9KBS,LADY THE 9 KNIT BK / SILVER,1,105,125.96,20.96,17,SHOES
35923,3KRLABD,LAGUNA BLACK DENIM,1,30.07,39.91,9.84,25,SHOES
37537,3KRLAMI,LAGUNA MINT,1,28.43,32.5,4.07,13,SHOES
36457,5KRLP,LAMBSWOOL PAD,5,49.58,66.51,16.93,25,PRO SHOP SUPPLIES
25473,5BRHEL,LEATHER HEEL,7,84,118.98,34.98,29,ACCESSORIES
36367,4KRLPPBKR,LEATHER POSITIONER PLUS BLACK RH,1,13.79,18.66,4.87,26,GLOVES
37918,1MOVEL,LETHAL VENOM,5,531.8,647.98,116.18,18,BALLS
37916,5CTDLAD7,LIFE AFTER DEATH 7oz,4,43,64.24,21.24,33,ACCESSORIES
2624,4MOLBR,LIFTER BLACK RH,-2,-57.46,-79.12,-21.66,-27,GLOVES
37401,1STCLLI,LIGHTNING STORM CLEAR,3,344.55,410.72,66.17,16,BALLS
23912,3LIMCLBKR,LINDS CLASSIC BLACK RH,1,90.77,129.5,38.73,30,SHOES
36447,5KRLSP,LIQUID SKIN PATCH,8,231.52,306.57,75.05,24,ACCESSORIES
36616,3KRLULE,LUX LEOPARD,4,125.01,164.63,39.62,24,SHOES
35924,3KRLUWB,LUX WHITE / BLACK,1,30.51,40.82,10.31,25,SHOES
38314,5MOMSNE,MAGNETIC SHAMMY NEBULA,4,42,58.53,16.53,28,ACCESSORIES
4840,5INMA5/8,MANDREL 5/8",2,25.7,33.88,8.18,24,PRO SHOP SUPPLIES
38191,5KRDSMIM,MARVEL SHAMMY IRON MAN,3,38.58,45,6.42,14,ACCESSORIES
38193,5KRDSMSMW,MARVEL SHAMMY SPIDER MAN WEB,1,12.86,16.63,3.77,23,ACCESSORIES
35400,5MAPDAFI,MASTER FINGER DAMS,3,52.11,66.84,14.73,22,PRO SHOP SUPPLIES
14629,5MANSGC,MASTER NON SLIP GRIP CREAM,1,19.16,24.26,5.1,21,ACCESSORIES
14628,5MARO,MASTER ROSIN,2,44.76,63.72,18.96,30,ACCESSORIES
14634,5MAMSC,MASTER SHOE COVER,9,56.1,78.09,21.99,28,ACCESSORIES
14630,5MASS,MASTER SHOE SLIDE,2,10.82,13.64,2.82,21,ACCESSORIES
4314,5MASL48,MASTER SLIDE 48 COUNT DISPLAY,1,69.78,93.1,23.32,25,ACCESSORIES
35399,5MAPDATH,MASTER THUMB DAMS,2,34.74,47.03,12.29,26,PRO SHOP SUPPLIES
37535,3KRMABK,MAUI BLACK,5,121.25,161.64,40.39,25,SHOES
35919,3KRMABP,MAUI BLACK / PLUM,4,93.76,129.96,36.2,28,SHOES
35920,3KRMAGR,MAUI GREY,12,281.98,395.28,113.3,29,SHOES
36216,3KRMAGRW,MAUI GREY WIDE,1,24.45,31.68,7.23,23,SHOES
37536,3KRMASB,MAUI SKY BLUE,2,46.46,63.36,16.9,27,SHOES
37534,3KRMAVI,MAUI VIOLET,12,283.42,396,112.58,28,SHOES
29549,5STMPFR,MAX PRO FINGER ROLL,7,59.85,82.39,22.54,27,ACCESSORIES
29550,5STMPFT,MAX PRO FINGER TAPE PKG,11,93.5,120.53,27.03,22,ACCESSORIES
29553,5STMPTTF,MAX PRO THUMB TAPE FAST,7,45.5,59.23,13.73,23,ACCESSORIES
29552,5STMPTTM,MAX PRO THUMB TAPE MEDIUM,28,181.99,242.06,60.07,25,ACCESSORIES
29551,5STMPTTSL,MAX PRO THUMB TAPE SLOW,4,26,34.24,8.24,24,ACCESSORIES
30257,5MTMT8,MAX TACK 8oz,4,15,21.84,6.84,31,ACCESSORIES
37985,1MOMTHY,MAX THRILL HYBRID,11,862.18,1101.97,239.79,22,BALLS
37629,1MOMTBY,MAX THRILL PEARL BLUE / YELL,8,624.28,793.96,169.68,21,BALLS
37630,1MOMTRB,MAX THRILL SOLID RED / BLUE,1,78.35,92.36,14.01,15,BALLS
38293,1HAEFMA,MAXIMUM EFFECT,3,375,433.35,58.35,13,BALLS
9736,5STMSC,MENS SHOE COVER,5,17.25,22.65,5.4,24,ACCESSORIES
4234,5STMFTO,MICRO FIBER TOWEL TEAL,5,7.95,11.44,3.49,31,ACCESSORIES
8342,5BRMP,MICRO FINISHING PAD (3 PACK),22,143,205.05,62.05,30,PRO SHOP SUPPLIES
38334,5INMMPYE,MIGHTY MARKING PENCIL YELLOW,1,1.8,2.71,0.91,34,PRO SHOP SUPPLIES
37538,3KRMINP,MILAN NAVY / PINK,1,30.33,39.95,9.62,24,SHOES
16382,5MIAP,MIRKA ABRALON PAD EACH,292,601.13,1042.19,441.06,42,PRO SHOP SUPPLIES
37084,1STMBPP,MIX BLACK / PURPLE / PINK,2,109.84,142.97,33.13,23,BALLS
17019,1STMBKSI,MIX BLACK / SILVER,5,274.95,353.65,78.7,22,BALLS
37254,1STMLRC,MIX LIME / ROYAL / CUSTARD,2,109.96,150.2,40.24,27,BALLS
38330,1STMIPL,MIX PLATINUM,5,275,351.35,76.35,22,BALLS
36846,1STMPBW,MIX PURPLE / BLUE / WHITE,7,384.86,485.2,100.34,21,BALLS
36847,1STMPJS,MIX PURPLE / JADE / STEEL,1,54.81,76.05,21.24,28,BALLS
37792,1STMRWN,MIX RED / WHITE / NAVY,1,54.61,66.92,12.31,18,BALLS
35540,5VIMC,MIXING CUP REUSABLE PLASTIC,50,16,25,9,36,PRO SHOP SUPPLIES
13910,5MAMC,MIXING CUPS 50/1oz & 50/8oz.,1,20.81,27,6.19,23,PRO SHOP SUPPLIES
38158,5KRMLBRSDO,MLB ROUND SHAMMY DODGERS,16,224,305.92,81.92,27,ACCESSORIES
38175,5KRMLBRSGU,MLB ROUND SHAMMY GUARDIANS,1,14,18.13,4.13,23,ACCESSORIES
38168,5KRMLBRSMAR,MLB ROUND SHAMMY MARINERS,3,42,55.62,13.62,24,ACCESSORIES
38161,5KRMLBRSME,MLB ROUND SHAMMY METS,1,14,18.13,4.13,23,ACCESSORIES
38164,5KRMLBRSPH,MLB ROUND SHAMMY PHILLIES,1,14,18.13,4.13,23,ACCESSORIES
38156,5KRMLBRSROY,MLB ROUND SHAMMY ROYALS,1,14,18.13,4.13,23,ACCESSORIES
37700,5KRMLBSHDO,MLB SHAMMY DODGERS,7,90.02,119.26,29.24,25,ACCESSORIES
27112,5MAMLBTGI,MLB TOWEL GIANTS,4,31.29,43.32,12.03,28,ACCESSORIES
35337,5MOBCB,MOTIV BALL CUP BLACK,2,6.72,9.1,2.38,26,ACCESSORIES
4765,5MODAFI,MOTIV FINGER DAMS,9,151.11,203.38,52.27,26,PRO SHOP SUPPLIES
24103,5MOSS,MOTIV STIR STICKS  ( 50ct ),2,5.98,8.38,2.4,29,PRO SHOP SUPPLIES
4764,5MODATH,MOTIV THUMB DAMS,1,16.79,22.68,5.89,26,PRO SHOP SUPPLIES
36988,5MOTI1OZ,MOTIV TINT 1oz,14,124.74,186.22,61.48,33,PRO SHOP SUPPLIES
37133,5MOTI4,MOTIV TINT 4oz,2,44.78,59.48,14.7,25,PRO SHOP SUPPLIES
38013,3BRMOPE,MOVE PERIWINKLE,2,59.7,81.04,21.34,26,SHOES
18294,6TUMQBK,MS. QUAD BLACK,237,157.63,248.73,91.1,37,INSERTS
35553,6TUMQIC,MS. QUAD ICE,22,14.52,24.7,10.18,41,INSERTS
36234,6TUMQPK,MS. QUAD PINK,20,13.32,23,9.68,42,INSERTS
18307,6TUMQWH,MS. QUAD WHITE,10,6.6,11.5,4.9,43,INSERTS
18320,6TUMQYE,MS. QUAD YELLOW,8,5.28,9.2,3.92,43,INSERTS
17747,5MUPWD,MUSGRAVE PENCIL WHITE DZ,4,9.96,16.52,6.56,40,PRO SHOP SUPPLIES
17746,5MUPYD,MUSGRAVE PENCIL YELLOW DZ,1,2.52,4.05,1.53,38,PRO SHOP SUPPLIES
36728,3BRMYWS,MYSTIC WHITE / SILVER,3,77.15,105.9,28.75,27,SHOES
37557,3DENANT,NASH NAVY / TAN,1,36,50.03,14.03,28,SHOES
37556,3DENAWH,NASH WHITE,4,146.88,199.8,52.92,26,SHOES
38321,1MONE,NEBULA,10,1231.9,1489.08,257.18,17,BALLS
35949,5BRBC,NEOPRENE BALL CUP,1,2,3.3,1.3,39,ACCESSORIES
2614,4STNW,NEOPRENE WRIST,1,5.38,6.73,1.35,20,GLOVES
38323,1STNF,NEXT FACTOR,6,764.4,929.24,164.84,18,BALLS
4668,2KRNFL2BR,NFL 2 ROLLER BRONCOS,1,80,115.44,35.44,31,BAGS
10908,2KRNFL3PA,NFL 3 ROLLER PACKERS,1,107.67,157.83,50.16,32,BAGS
19733,2KRNFLAB49,NFL ADD-A-BAG 49ers,1,17.33,26.96,9.63,36,BAGS
19734,2KRNFLABSE,NFL ADD-A-BAG SEAHAWKS,1,17.05,26.36,9.31,35,BAGS
37873,5KRNFLGBRA,NFL GRIP BALL RAIDERS,1,4.5,7.35,2.85,39,ACCESSORIES
35854,1KRNFLOFST,NFL ON FIRE STEELERS,1,103.86,143.2,39.34,27,BALLS
35816,5KRNFLOFT49,NFL ON FIRE TOWEL 49ERS,5,32.8,44.86,12.06,27,ACCESSORIES
35802,5KRNFLOFTBRO,NFL ON FIRE TOWEL BRONCOS,3,19.68,26.34,6.66,25,ACCESSORIES
35806,5KRNFLOFTCH,NFL ON FIRE TOWEL CHIEFS,1,6.56,8.78,2.22,25,ACCESSORIES
35801,5KRNFLOFTCO,NFL ON FIRE TOWEL COWBOYS,1,6.55,8.78,2.23,25,ACCESSORIES
35813,5KRNFLOFTEA,NFL ON FIRE TOWEL EAGLES,1,6.56,8.78,2.22,25,ACCESSORIES
35827,5KRNFLOFTRA,NFL ON FIRE TOWEL RAIDERS,2,13.12,17.56,4.44,25,ACCESSORIES
35822,5KRNFLOFTRAV,NFL ON FIRE TOWEL RAVENS,1,6.56,8.78,2.22,25,ACCESSORIES
35817,5KRNFLOFTSE,NFL ON FIRE TOWEL SEAHAWKS,1,6.56,8.78,2.22,25,ACCESSORIES
35815,5KRNFLOFTST,NFL ON FIRE TOWEL STEELERS,1,6.56,8.78,2.22,25,ACCESSORIES
35848,1KRNFLOFVI,NFL ON FIRE VIKINGS,1,106.56,136.04,29.48,22,BALLS
35795,5KRNFLSH49,NFL SHAMMY 49ERS,1,12.86,17.01,4.15,24,ACCESSORIES
27236,5KRNFLSHBR,NFL SHAMMY BRONCOS,1,12.81,17.01,4.2,25,ACCESSORIES
37728,5KRNFLSHCHA,NFL SHAMMY CHARGERS,1,12.74,17.01,4.27,25,ACCESSORIES
35794,5KRNFLSHCH,NFL SHAMMY CHIEFS,1,12.86,17.01,4.15,24,ACCESSORIES
27235,5KRNFLSHCOW,NFL SHAMMY COWBOYS,1,12.86,17.01,4.15,24,ACCESSORIES
36641,5KRNFLSHEA,NFL SHAMMY EAGLES,1,12.86,17.01,4.15,24,ACCESSORIES
27237,5KRNFLSHPA,NFL SHAMMY PACKERS,1,12.86,17.01,4.15,24,ACCESSORIES
27238,5KRNFLSHPAT,NFL SHAMMY PATRIOTS,2,25.72,34.59,8.87,26,ACCESSORIES
27241,5KRNFLSHRA,NFL SHAMMY RAIDERS,4,51.36,67.66,16.3,24,ACCESSORIES
27240,5KRNFLSHSE,NFL SHAMMY SEAHAWKS,1,12.86,17.2,4.34,25,ACCESSORIES
37731,5KRNFLSCRA,NFL SHOE COVER RAIDERS,1,10.76,14.4,3.64,25,ACCESSORIES
35733,2KRNFLS49,NFL SINGLE TOTE 49ERS,2,48.57,69.36,20.79,30,BAGS
35715,2KRNFLSBE,NFL SINGLE TOTE BEARS,1,23.17,32.12,8.95,28,BAGS
35738,2KRNFLSRA,NFL SINGLE TOTE RAVENS,1,23.5,32.12,8.62,27,BAGS
36335,5CONSGC,NON SLIP GRIP CREAM DOZEN,4,67,94.41,27.41,29,ACCESSORIES
35394,5CONSGC,NON SLIP GRIP CREAM EACH,2,2.5,4.5,2,44,ACCESSORIES
4769,5VINT50,NT-50 YELLOW,5,62.5,88.12,25.62,29,ACCESSORIES
38320,1HANU2,NU 2.0,22,1980,2469.88,489.88,20,BALLS
37982,3KROLBK,O/P/P LITE BLACK,24,570.91,779.58,208.67,27,SHOES
37983,3KROLBKW,O/P/P LITE BLACK WIDE,8,190.82,257.76,66.94,26,SHOES
8104,6VIGOPOBK,O/PO BLACK,328,236.16,383.64,147.48,38,INSERTS
8219,6VIGOPOBL,O/PO BLUE,172,123.84,200.88,77.04,38,INSERTS
8127,6VIGOPOCL,O/PO CLEAR,140,100.8,158.7,57.9,36,INSERTS
8173,6VIGOPOGR,O/PO GREEN,95,68.4,111.6,43.2,39,INSERTS
8150,6VIGOPONE,O/PO NEON,32,23.04,36.48,13.44,37,INSERTS
8196,6VIGOPOOR,O/PO ORANGE,80,57.6,93.5,35.9,38,INSERTS
8284,6VIGOPOPI,O/PO PINK,127,91.44,149.58,58.14,39,INSERTS
8246,6VIGOPOPU,O/PO PURPLE,14,10.08,16.8,6.72,40,INSERTS
8242,6VIGOPORD,O/PO RED,72,51.84,82.8,30.96,37,INSERTS
8081,6VIGOPOWH,O/PO WHITE,100,72,116.7,44.7,38,INSERTS
8058,6VIGOPOYE,O/PO YELLOW,30,21.6,34.2,12.6,37,INSERTS
2617,4MOOBR,OPTIMUM BLACK RH,1,30.83,42.73,11.9,28,GLOVES
38347,1RAOLBH,OUTER LIMITS BLACK HOLE,4,380,451.99,71.99,16,BALLS
7551,6VIGPOBK,P/O BLACK,1058,761.76,1205.86,444.1,37,INSERTS
7689,6VIGPOBL,P/O BLUE,423,304.56,487.02,182.46,37,INSERTS
7597,6VIGPOCL,P/O CLEAR,295,212.4,338.41,126.01,37,INSERTS
7782,6VIGPOGP,P/O GRAPE,149,107.28,170.08,62.8,37,INSERTS
7643,6VIGPOGR,P/O GREEN,336,241.92,381.73,139.81,37,INSERTS
7620,6VIGPONE,P/O NEON,370,266.4,421.03,154.63,37,INSERTS
7666,6VIGPOOR,P/O ORANGE,400,288,452.29,164.29,36,INSERTS
7736,6VIGPOPI,P/O PINK,402,289.44,461.09,171.65,37,INSERTS
7712,6VIGPOPU,P/O PURPLE,103,74.16,115.12,40.96,36,INSERTS
7759,6VIGPORD,P/O RED,177,127.44,200.44,73,36,INSERTS
7528,6VIGPOWH,P/O WHITE,207,149.04,239.6,90.56,38,INSERTS
7574,6VIGPOYE,P/O YELLOW,231,166.32,261.67,95.35,36,INSERTS
7851,6VIGPSBK,P/S BLACK,81,58.32,87.56,29.24,33,INSERTS
7966,6VIGPSBL,P/S BLUE,30,21.6,34.2,12.6,37,INSERTS
7874,6VIGPSCL,P/S CLEAR,6,4.32,7.2,2.88,40,INSERTS
7920,6VIGPSGR,P/S GREEN,23,16.56,26.06,9.5,36,INSERTS
7897,6VIGPSNE,P/S NEON,5,3.53,5.7,2.17,38,INSERTS
7943,6VIGPSOR,P/S ORANGE,20,14.4,22.8,8.4,37,INSERTS
8012,6VIGPSPI,P/S PINK,5,3.6,5.7,2.1,37,INSERTS
8035,6VIGPSRD,P/S RED,10,7.2,11.4,4.2,37,INSERTS
37769,5GEPLSBP,PADDED LEATHER SHAMMY BK/PURPLE,3,17.85,28.5,10.65,37,ACCESSORIES
37770,5GEPLSBR,PADDED LEATHER SHAMMY BK/RED,3,17.85,28.5,10.65,37,ACCESSORIES
37771,5GEPLSBT,PADDED LEATHER SHAMMY BK/TEAL,3,17.85,28.5,10.65,37,ACCESSORIES
38068,1TRPS,PARAGON SHADOW,1,120,138.07,18.07,13,BALLS
4935,5TUTPRBK,PATCH TAPE BLACK 2" ROLL,1,9,12.04,3.04,25,ACCESSORIES
11433,5TUTRPQR,PATCH TAPE BLUE QR ROLL,3,36.3,30.36,-5.94,-20,ACCESSORIES
37533,3KRPABR,PATRIOT BLACK / RED,8,240,287.6,47.6,17,SHOES
37532,3KRPAGB,PATRIOT GREY / BLACK,5,150,179.75,29.75,17,SHOES
22900,5MAPFT,PERFECT FIT TOOL,2,56.5,69,12.5,18,ACCESSORIES
20731,1STP2,PHAZE-2,36,4128.99,5134.69,1005.7,20,BALLS
38322,1STP2PL,PHAZE-2 PEARL,48,5511.66,6917.04,1405.38,20,BALLS
38078,3KRPINA,PILOT NAVY,1,33,46.08,13.08,28,SHOES
37921,1COPIPL,PIRANHA POWER COR PEARL,1,99,104.95,5.95,6,BALLS
38395,1COPISO,PIRANHA SOLID,12,1188,1499.13,311.13,21,BALLS
15258,1STPIB,PITCH BLACK,2,193.34,244.04,50.7,21,BALLS
37000,5JPPGL,PITCH GAUGE LG (1 1/16 -1 7/16),1,150,202.5,52.5,26,ACCESSORIES
35378,5INPCS,PLUG CUTTER SHIELD,1,51.85,65.34,13.49,21,PRO SHOP SUPPLIES
9774,5STTPPPS,PLUG PUMP SET,1,9.44,14.45,5.01,35,PRO SHOP SUPPLIES
37787,2HAP1BG,PLUS 1 BLACK / GREY,1,15,20.7,5.7,28,BAGS
25394,5DEPSSAS11,PLUS SAWTOOTH SOLE S11,1,12,17.16,5.16,30,ACCESSORIES
18986,5DEPSS10,PLUS SOLE S10 GREY FELT,5,56.25,82.86,26.61,32,ACCESSORIES
18987,5DEPSS12,PLUS SOLE S12 BLACK ICE,2,22.5,33.03,10.53,32,ACCESSORIES
18983,5DEPSS4,PLUS SOLE S4 RED LEATHER,2,22.5,32.86,10.36,32,ACCESSORIES
18984,5DEPSS6,PLUS SOLE S6 PS BLUE MICROFIBER,2,22.5,32.86,10.36,32,ACCESSORIES
18985,5DEPSS8,PLUS SOLE S8 WHITE MICROFIBER,7,78.75,119,40.25,34,ACCESSORIES
20652,5GEPB,POWER BAND,1,8.25,10.93,2.68,25,ACCESSORIES
38019,3HAPDNIL,POWER DIESEL NIGHT LH,4,460,554.64,94.64,17,SHOES
38018,3HAPDNIR,POWER DIESEL NIGHT RH,1,115,143.34,28.34,20,SHOES
37805,5STPE8,POWER EDGE 8OZ,6,42.78,59.23,16.45,28,ACCESSORIES
37806,5STPEQ,POWER EDGE QUART,3,53.94,74.4,20.46,28,ACCESSORIES
6421,5MOPGC,POWER GEL CLEAN 16OZ,1,5.46,7.52,2.06,27,ACCESSORIES
6422,5MOPGS,POWER GEL SCUFF 16OZ,1,5.46,7.52,2.06,27,ACCESSORIES
36858,5MOPGSH,POWER GEL SHINE 16OZ,4,26.88,36.12,9.24,26,ACCESSORIES
23612,4STPGR,POWER GLOVE RH,3,29.97,37.51,7.54,20,GLOVES
36348,5POBC6,POWER HOUSE BALL CLEANER 6oz,1,4.5,5.94,1.44,24,ACCESSORIES
35247,4STPPL,POWER PLUS LH,1,14.16,17.6,3.44,20,GLOVES
35246,4STPPR,POWER PLUS RH,2,28.48,36.6,8.12,22,GLOVES
37350,5STSHPO,POWER SHAMMY,15,150,194.58,44.58,23,ACCESSORIES
9893,5DEPSM,POWER STEP T3,1,19.5,31.99,12.49,39,ACCESSORIES
38136,4KRPW,POWER WEDGE,1,10,13.87,3.87,28,GLOVES
13495,5TUT30DBK,PRE-CUT TAPE DRIVEN BLACK 30PC,3,12.45,19.8,7.35,37,ACCESSORIES
36270,2HAP3TBK,PREMIUM 3 TOTE ROLLER BLACK,3,210,268.12,58.12,22,BAGS
37786,2HAP3TSBK,PREMIUM 3 TOTE W/SHOES BLACK,1,84,106.44,22.44,21,BAGS
36694,2HAPDTCA,PREMIUM DOUBLE TOTE CAMO,1,35,42.45,7.45,18,BAGS
36411,5KRSFTPWH,PREMIUM SURE FIT TAPE WHITE 30pc,1,2.7,3.91,1.21,31,ACCESSORIES
38364,2MOP1BMB,PREVAIL 1 BALL MIDNIGHT BLUE,1,23.52,30.01,6.49,22,BAGS
38288,1MOPRG,PRIMAL GHOST,5,615.95,674.75,58.8,9,BALLS
35948,5BRLESH,PRINTED LEATHER SHAMMY,2,16,22.8,6.8,30,ACCESSORIES
38006,3BRPRBL,PRISM BLUE,1,28,40.52,12.52,31,SHOES
15744,3DEPABGL,PRO AM II BLACK / GREY LH,1,36.84,53.6,16.76,31,SHOES
10457,3DEPABGR,PRO AM II BLACK / GREY RH,2,74.16,94.34,20.18,21,SHOES
35210,3DEPBBR,PRO BOA BLACK / RED RH,3,186.75,233.68,46.93,20,SHOES
35211,3DEPBBRW,PRO BOA BLACK / RED WIDE,1,61.96,81.36,19.4,24,SHOES
37553,3DEPBNA,PRO BOA NAVY,3,176.4,244.93,68.53,28,SHOES
37049,3DEPBWG,PRO BOA WHITE / GREY,4,249,309.85,60.85,20,SHOES
4334,5MAPES,PRO ELBOW SUPPORT,3,13.47,17.82,4.35,24,ACCESSORIES
36380,4KRPFGBGL,PRO FORCE GLOVE BLACK / GREY LH,3,29.91,39.57,9.66,24,GLOVES
36379,4KRPFGBGR,PRO FORCE GLOVE BLACK / GREY RH,20,199.51,270.35,70.84,26,GLOVES
36382,4KRPFPGL,PRO FORCE POSITIONER GLOVE LH,6,88.14,120.13,31.99,27,GLOVES
36381,4KRPFPGR,PRO FORCE POSITIONER GLOVE RH,15,220.35,300.54,80.19,27,GLOVES
36383,4KRPR1RH,PRO REV 1 SUPPORT RH,2,81.64,101.38,19.74,19,GLOVES
36385,4KRPR2R,PRO REV 2 CONTROL RH,3,122.85,160.6,37.75,24,GLOVES
4932,5TUPSQS,PRO SECT QUARTER SCALE,2,100,144,44,31,PRO SHOP SUPPLIES
37241,5GEPTTRS,Pro Text STRETCH TAPE ROLL SIL,5,29.75,40.72,10.97,27,ACCESSORIES
35565,6VITV2OTBK,PRO V2 OVAL THUMB BLACK,26,53.3,86.96,33.66,39,INSERTS
35566,6VITV2OTWH,PRO V2 OVAL THUMB WHITE,19,38.93,61.37,22.44,37,INSERTS
20330,4BRPWS,PRO WRIST SUPPORT,6,36,50.22,14.22,28,GLOVES
37281,5TEPT1FA32,PROTECTIVE TAPE 1 (FAST) 32ct,2,5.9,11.3,5.4,48,ACCESSORIES
37238,5GEPTTRG,ProText STRETCH TAPE ROLL GOLD,3,17.85,24.2,6.35,26,ACCESSORIES
37239,5GEPTTRN,ProText STRETCH TAPE ROLL NAVY,3,17.85,24.2,6.35,26,ACCESSORIES
37240,5GEPTTRP,ProText STRETCH TAPE ROLL PINK,2,11.9,16.54,4.64,28,ACCESSORIES
4319,5MAPBDZ,PUFF BALL DOZEN,3,125.97,153.84,27.87,18,ACCESSORIES
37205,5MAPBGCD,PUFF BALL GIANT CAMO DOZEN,1,42.04,56.29,14.25,25,ACCESSORIES
4320,5MAPBGDZ,PUFF BALL GIANT DOZEN,2,88.42,109.62,21.2,19,ACCESSORIES
38093,1COPU,PULSE,3,360,446.08,86.08,19,BALLS
37438,2BRPU2GR,PUNISHER 2 ROLLER GREY,1,68,88.53,20.53,23,BAGS
21378,5GEPPLBK,PURE PAD BLACK,7,63,89.16,26.16,29,ACCESSORIES
21379,5GEPPLBL,PURE PAD BLUE,4,36,51.29,15.29,30,ACCESSORIES
20631,5GEPPLGR,PURE PAD GRAY,1,9,11.84,2.84,24,ACCESSORIES
36903,5GEPPHDNHL,PURE PAD HD NATURAL HIDE LEATHER,4,38.52,54.51,15.99,29,ACCESSORIES
36404,5KRPUS48,PURE SLIDE 48CT,2,100.79,129.5,28.71,22,ACCESSORIES
36403,5KRPUSDZ,PURE SLIDE DZ,3,44.43,60.65,16.22,27,ACCESSORIES
36402,5KRPUSEC,PURE SLIDE EACH,1,1,1.63,0.63,39,ACCESSORIES
36173,1HAPPU,PURPLE PEARL URETHANE,16,1440,1706.61,266.61,16,BALLS
5157,6TUQUBK,QUAD BLACK,263,173.85,282.17,108.32,38,INSERTS
13461,6TUQUBL,QUAD BLUE,107,71.16,112.24,41.08,37,INSERTS
5168,6TUQUGR,QUAD GREEN,69,45.7,77.61,31.91,41,INSERTS
5212,6TUQUIC,QUAD ICE,231,154.5,240.24,85.74,36,INSERTS
5223,6TUQUOR,QUAD ORANGE,16,10.62,17.74,7.12,40,INSERTS
37639,6TUQUPK,QUAD PINK,304,202.38,319.11,116.73,37,INSERTS
5201,6TUQUPU,QUAD PURPLE,109,72.57,114.96,42.39,37,INSERTS
13480,6TUQURD,QUAD RED,113,74.58,117.52,42.94,37,INSERTS
5179,6TUQUWH,QUAD WHITE,83,55.26,92.12,36.86,40,INSERTS
5190,6TUQUYE,QUAD YELLOW,35,23.21,37.2,13.99,38,INSERTS
20542,5JAQS,QUARTER SCALE,2,101.92,109.2,7.28,7,PRO SHOP SUPPLIES
36714,2BRQ2BL,QUEST 2 ROLLER BLUE,1,25,117.94,92.94,79,BAGS
28270,5BRQCW,QUICK CLEAN BALL WIPES 25pk,6,24,32.7,8.7,27,ACCESSORIES
38000,3GRDBCL,RACER DIAL BK / CHROME LH,3,449.55,535.18,85.63,16,SHOES
37999,3GRDBCR,RACER DIAL BK / CHROME RH,1,151.82,208.9,57.08,27,SHOES
38296,3GRDBCW,RACER DIAL BK / CHROME WIDE,1,152,175.08,23.08,13,SHOES
38001,3GRAMG,RACER MESH GREY,4,457.2,552.16,94.96,17,SHOES
37257,3GRAWHR,RACER WHITE / HOLO RH,7,1008.07,1191.54,183.47,15,SHOES
37258,3GRAWHWW,RACER WHITE / HOLO RH WIDE,2,276.66,324.5,47.84,15,SHOES
37100,2RABPDS,RADICAL DYE-SUB BACKPACK,1,31.76,41.36,9.6,23,BAGS
37978,1CORA,RALLY,3,360,209.95,-150.05,-71,BALLS
36760,3BRRABKL,RAMPAGE BLACK LH,5,200,258.42,58.42,23,SHOES
22976,3BRRABKR,RAMPAGE BLACK RH,4,160,201.68,41.68,21,SHOES
37142,3BRRAWHR,RAMPAGE WHITE RH,1,40,50.42,10.42,21,SHOES
38233,3DERYBGW,RANDY BK / GRN CAMO WIDE,2,91.5,113.88,22.38,20,SHOES
37570,3DERABBPY,RAQUEL LX BK / BL / PK YOUTH,2,60,77.43,17.43,23,SHOES
37569,3DERABBP,RAQUEL LX BK / BLUE / PK,10,294.9,397.18,102.28,26,SHOES
37565,3DERABK,RAQUEL LX BLACK,6,155.52,234.03,78.51,34,SHOES
37567,3DERAWB,RAQUEL LX WHITE / BLUE,3,78,125.07,47.07,38,SHOES
37568,3DERAWBW,RAQUEL LX WHITE / BLUE WIDE,1,29.7,43.5,13.8,32,SHOES
37628,1HARABPT,RAW HAMMER BK / PUR / TEAL,15,900,1134.92,234.92,21,BALLS
36161,1HARABK,RAW HAMMER BLACK,18,1080,1387.35,307.35,22,BALLS
37627,1HARABBO,RAW HAMMER BLUE / BK / ORG,9,540,713.38,173.38,24,BALLS
36163,1HARABS,RAW HAMMER BLUE / SIL / WHT,8,480,622.59,142.59,23,BALLS
37076,1HARARSB,RAW HAMMER RED / SMOKE / BK,8,480,618.04,138.04,22,BALLS
37932,1HARASBG,RAW HAMMER SMOKE / BLUE / GLD,15,900,1171.4,271.4,23,BALLS
36283,3HARBGRH,RAZOR BLACK / GREY RH,1,44,54.21,10.21,19,SHOES
36282,3HARBORH,RAZOR BLACK / ORANGE RH,3,131.97,162.63,30.66,19,SHOES
30096,5STRC8,REACTA CLEAN 8oz,29,118.32,178.33,60.01,34,ACCESSORIES
4244,5STRCG,REACTA CLEAN GALLON,2,67,88.35,21.35,24,ACCESSORIES
13249,5STRF8,REACTA FOAM 8OZ,42,199.92,305.74,105.82,35,ACCESSORIES
36884,5STRG8,REACTA GLOSS 8OZ,4,27.52,37.11,9.59,26,ACCESSORIES
4240,5STRSQ,REACTA SHINE QUART,1,16,21.38,5.38,25,ACCESSORIES
11968,5STRS8,REACTA SKUFF 8 OZ,14,74.74,96.36,21.62,22,ACCESSORIES
11969,5STRW20,REACTA WIPE ( 20),37,241.56,270.95,29.39,11,ACCESSORIES
35287,5BRRR8,REACTION RECHARGE 8oz,1,6,9,3,33,ACCESSORIES
17765,5RBTSI36,REAL BOWLER TAPE SILVER 36CT,24,90,121.44,31.44,26,ACCESSORIES
17768,5RBTBL36,REAL BOWLERS TAPE BLUE 36CT,14,70,102.9,32.9,32,ACCESSORIES
17762,5RBTBL500,REAL BOWLERS TAPE BLUE 500 ROLL,1,47.95,63.84,15.89,25,ACCESSORIES
38201,5KRRABC64,REMOVE ALL BALL CLEANER 64oz,1,18.9,24.6,5.7,23,ACCESSORIES
35190,3BRREBKR,RENEGADE BLACK / RED,9,216.9,336.16,119.26,35,SHOES
37495,3BRREMBL,RENEGADE MESH BLUE,5,131.45,182.7,51.25,28,SHOES
36726,3BRREMG,RENEGADE MESH GREY,4,111.48,145.76,34.28,24,SHOES
36725,3BRREWB,RENEGADE WHITE / BLACK,1,25.57,38.57,13,34,SHOES
35982,5NERIQ,RENEW-IT QUART,1,19.99,26.36,6.37,24,ACCESSORIES
17748,5MORBCW,RESPONSE BALL CLEANING WIPES,6,25.2,36.06,10.86,30,ACCESSORIES
21254,5INRSP,REVIVOR SORBENT PADS,3,32.55,43.89,11.34,26,PRO SHOP SUPPLIES
36093,REWARDS,REWARDS,-9,0,-3457.1,-3457.1,-100,
37579,1BRRHCLS,RHINO CARBON / LIME / SILVER,9,486.81,630.15,143.34,23,BALLS
25418,1BRRHCAT,RHINO COBALT / AQUA / TL,13,704.99,917.17,212.18,23,BALLS
36167,1BRRHMPN,RHINO MAGENTA / PUR / NAVY,11,596.86,769.19,172.33,22,BALLS
9602,1BRRHMBB,RHINO METALLIC BLUE / BLACK,13,703.56,893.27,189.71,21,BALLS
37931,1BRRHPB,RHINO PURPLE / BLACK,10,540,684.7,144.7,21,BALLS
18937,1BRRHRBG,RHINO RED / BK / GOLD PEARL,17,918.34,1190.77,272.43,23,BALLS
38082,3KRRHLB,RHYTHM LIGHT BLUE,5,165,213.75,48.75,23,SHOES
38081,3KRRHPU,RHYTHM PURPLE,6,198,255.55,57.55,23,SHOES
37560,3DERI4BN,RICKY IV BROWN,10,258.8,199.5,-59.3,-30,SHOES
38269,3DERIVBK,RICKY V BLACK / ALLOY,5,168.75,225.02,56.27,25,SHOES
38270,3DERIVBKW,RICKY V BLACK / ALLOY WIDE,4,135,178.85,43.85,25,SHOES
38271,3DERIVBKY,RICKY V BLACK / ALLOY YOUTH,1,33.75,48.6,14.85,31,SHOES
38235,3DERIVWB,RICKY V WHITE / BLUE,9,303.75,396.58,92.83,23,SHOES
38236,3DERIVWBW,RICKY V WHITE / BLUE WIDE,5,168.75,218.7,49.95,23,SHOES
37962,1KRRIBS,RISE BLACK / SILVER PEARL,1,60,78.38,18.38,23,BALLS
37966,1KRRIRBG,RISE RED / BLACK / GOLD PEARL,3,180,235.14,55.14,23,BALLS
37925,1RORO,ROCKSTAR,5,522.2,662.45,140.25,21,BALLS
38299,1ROROAM,ROCKSTAR AMPED,5,520.1,665.27,145.17,22,BALLS
15970,2KRROSBK,ROOK SINGLE TOTE BLACK,12,156.96,219.96,63,29,BAGS
37588,2KRROSDO,ROOK SINGLE TOTE DONUTS,2,29.38,39.52,10.14,26,BAGS
36305,2KRROSGC,ROOK SINGLE TOTE GREY CAMO,3,43.91,62.55,18.64,30,BAGS
38118,2KRROSPP,ROOK SINGLE TOTE PAW PRINTS,2,29.4,39.08,9.68,25,BAGS
17229,2KRROSPU,ROOK SINGLE TOTE PURPLE,1,13.08,18.33,5.25,29,BAGS
25454,2KRROSRD,ROOK SINGLE TOTE RED,2,25.64,36.66,11.02,30,BAGS
15971,2KRROSRO,ROOK SINGLE TOTE ROYAL,3,39.32,54.99,15.67,28,BAGS
36450,5KRRB,ROSIN BAG (DZ),2,27.82,37.36,9.54,26,ACCESSORIES
36995,2ROCABO,ROTO CADDY BLACKOUT,1,11.88,19.3,7.42,38,BAGS
36143,5RTDBCRE,ROTO DELUXE BALL CUP RED,1,2,3.59,1.59,44,ACCESSORIES
35511,5RTSHPU,ROTO PURPLE SHAMMY,11,93.48,118,24.52,21,ACCESSORIES
18254,5RTSHRE,ROTO RED SHAMMY,6,51,64.9,13.9,21,ACCESSORIES
37203,5STREQ,ROUGH EDGE QUART,2,36.56,53.74,17.18,32,ACCESSORIES
37682,5KRRSTPC,ROUND SHAMMY TPC BK / RED,3,32.94,44.28,11.34,26,ACCESSORIES
37559,3DEROBW,ROYAL BK / WHITE UNISEX,4,150,198.32,48.32,24,SHOES
38130,2KRRF3PU,ROYAL FLUSH 3 PURPLE,1,119,166.16,47.16,28,BAGS
37122,2KRRF3SI,ROYAL FLUSH 3 SILVER,1,119,157.41,38.41,24,BAGS
36324,2KRRF3USA,ROYAL FLUSH 3 USA,1,118.89,159.16,40.27,25,BAGS
38134,2KRRF4SI,ROYAL FLUSH 4 SILVER,2,360,465.7,105.7,23,BAGS
36325,2KRRF4USA,ROYAL FLUSH 4 USA,4,720,930.08,210.08,23,BAGS
35745,2KRRF44RE,ROYAL FLUSH 4X4 RED/BK INLINE,3,459,627.48,168.48,27,BAGS
37606,2KRRF44SB,ROYAL FLUSH 4X4 SIL / BK INLINE,1,153,213.66,60.66,28,BAGS
37558,3DERONW,ROYAL NAVY / WHT / GREY,6,225,257.7,32.7,13,SHOES
37928,1RORSHY,RST HYPERDRIVE,3,367.83,457.83,90,20,BALLS
38290,1RORSHP,RST HYPERDRIVE PEARL,7,858.48,1037.42,178.94,17,BALLS
24141,5TUSD13/4,SANDING DISC 1 3/4",6,10.5,16.2,5.7,35,PRO SHOP SUPPLIES
36502,5KRSD,SANDING DISC PACK OF 100,1,13.53,20.09,6.56,33,PRO SHOP SUPPLIES
14624,5MASD,SANDING DISCS 1.5 ROUND 100CT,1,14.5,19.76,5.26,27,PRO SHOP SUPPLIES
36883,5VISP,SANDING PADS,110,220,326.96,106.96,33,PRO SHOP SUPPLIES
4842,5INSS1/2,SANDING SLEEVE 1/2",6,9.54,16.56,7.02,42,PRO SHOP SUPPLIES
4843,5INSS5/8,SANDING SLEEVE 5/8",2,3.18,5.1,1.92,38,PRO SHOP SUPPLIES
14401,5DESASS11,SAWTOOTH SOLE S11,4,45,69.36,24.36,35,ACCESSORIES
12128,5DESASS3,SAWTOOTH SOLE S3,1,10.13,16.43,6.3,38,ACCESSORIES
12129,5DESASS5,SAWTOOTH SOLE S5,3,33.75,49.83,16.08,32,ACCESSORIES
28173,5STSRBK,SCENTED ROSIN BLACK,15,63.75,86.42,22.67,26,ACCESSORIES
28172,5STSRBL,SCENTED ROSIN BLUE,14,59.5,81.48,21.98,27,ACCESSORIES
28174,5STSRRD,SCENTED ROSIN RED,11,46.75,64.38,17.63,27,ACCESSORIES
37127,3BRSCCH,SCHOLAR CHARCOAL,2,62.84,81.04,18.2,22,SHOES
35490,5TUSC,SCISSORS,5,15.45,19.84,4.39,22,PRO SHOP SUPPLIES
27643,5STSSBK,SEESAW BLACK / WHITE,5,21.75,29.95,8.2,27,ACCESSORIES
4216,5STSSWB,SEESAW WHITE / BLACK,5,21.62,29.95,8.33,28,ACCESSORIES
38377,1SWSH,SERPENT HYBRID,6,606,746.96,140.96,19,BALLS
38085,1DVSECO,SEVERE COLLISION,1,120,138.6,18.6,13,BALLS
38301,1MOTSH,SHADOW TANK,3,352.77,427.96,75.19,18,BALLS
35340,5STSHAQ,SHAMMY AQUA,16,135.98,176.07,40.09,23,ACCESSORIES
15522,5STSHBK,SHAMMY BLACK,14,119,151.14,32.14,21,ACCESSORIES
36658,5KRSHADO,SHAMMY DONUT,13,129.74,175.87,46.13,26,ACCESSORIES
18038,5STSHPK,SHAMMY PINK,15,127.48,164.22,36.74,22,ACCESSORIES
36420,5KRSHAPR,SHAMMY PINK RIBBON,2,19.89,26.74,6.85,26,ACCESSORIES
18436,5BRSHRP,SHAMMY REACTIVE PAD BLACK,9,63,88.23,25.23,29,ACCESSORIES
36657,5KRSHASH,SHAMMY SHAMROCK,2,19.96,26.74,6.78,25,ACCESSORIES
37166,2MOS1CBK,SHOCK 1 BALL TOTE COVERT BLACK,1,26.95,34.63,7.68,22,BAGS
37167,2MOS1FR,SHOCK 1 BALL TOTE FIRE RED,-1,-26.95,-33.95,-7,-21,BAGS
35766,2STSBBB,SHOE BAG BLACK / BLUE,1,16,22.32,6.32,28,BAGS
23659,5BRSB,SHOE BRUSH,3,9,12.33,3.33,27,ACCESSORIES
36400,5KRSB,SHOE BRUSH,20,57.41,81.59,24.18,30,ACCESSORIES
20335,5BRSSBK,SHOE SHIELD BLACK,14,77,113.15,36.15,32,ACCESSORIES
20340,5BRSSBL,SHOE SHIELD BLUE,6,33,45.05,12.05,27,ACCESSORIES
9734,5STSS,SHOE SLIDER,16,56,85.88,29.88,35,ACCESSORIES
11252,5AMFSS,SHOE SLIDER,2,7.5,11.7,4.2,36,ACCESSORIES
36399,5KRSS,SHOE SLIDER,19,79.42,111.76,32.34,29,ACCESSORIES
38278,5BRSSSC,SHOE SLIDER SCRATCH,5,20,27.25,7.25,27,ACCESSORIES
20302,4BRSRR,SHOT REPEATER RH,6,54,76.38,22.38,29,GLOVES
20311,4BRSRXR,SHOT REPEATER-X RH,1,12,17.7,5.7,32,GLOVES
36757,3BRSIROR,SIEGE ROYAL RH,1,43.64,89.95,46.31,51,SHOES
35503,5VISR16,SILICONE RUBBER 16OZ,1,40,56.95,16.95,30,PRO SHOP SUPPLIES
35504,5VISR32,SILICONE RUBBER 32OZ,1,72,95.85,23.85,25,PRO SHOP SUPPLIES
14626,5MASP12,SKIN PATCH (12ct DISPLAY),2,46.86,58.68,11.82,20,ACCESSORIES
4322,5MASP24,SKIN PATCH (24 DISPLAY CARTON),1,38.48,45.45,6.97,15,ACCESSORIES
36401,5KRSST,SLIDE STONE,12,31.2,43.12,11.92,28,ACCESSORIES
36691,5BRSS,SLIDE STONE,1,2.5,3.51,1.01,29,ACCESSORIES
37498,3BRSSBK,SLINGSHOT BLACK,7,264.88,379.66,114.78,30,SHOES
37499,3BRSSBKW,SLINGSHOT BLACK WIDE,1,39.79,58.94,19.15,32,SHOES
35537,5VISA32,SLIP AGENT 32OZ,1,16,23.28,7.28,31,ACCESSORIES
7353,5VISIS6,SLUG IT SAFETY MOLLY (12 COUNT),2,9.6,14.39,4.79,33,ACCESSORIES
14662,5VISIW,SLUG-IT WASHERS (12COUNT),2,102,96.9,-5.1,-5,ACCESSORIES
37204,5STSEQ,SMOOTH EDGE QUART,2,36.56,53.74,17.18,32,ACCESSORIES
36293,5HAHSL,SMOOTH LEATHER HEEL,1,12,15.84,3.84,24,ACCESSORIES
23658,5BRSMD,SMOOTH SLIDE DOZEN,5,70,100.94,30.94,31,ACCESSORIES
25458,5BRSS10,SOLE S10,1,7,9.45,2.45,26,ACCESSORIES
3698,5DESS10,SOLE S10 GREY FELT,30,315,479.02,164.02,34,ACCESSORIES
14402,5DESS12,SOLE S12 BLACK ICE,4,42,63.1,21.1,33,ACCESSORIES
3694,5DESS2,SOLE S2 BROWN MICROFIBER,3,31.49,45.35,13.86,31,ACCESSORIES
3695,5DESS4,SOLE S4 RED LEATHER,2,20.78,31.04,10.26,33,ACCESSORIES
16073,5BRSS6,SOLE S6,2,14,19.22,5.22,27,ACCESSORIES
3696,5DESS6,SOLE S6 BLUE MICROFIBER,6,63,93.78,30.78,33,ACCESSORIES
16074,5BRSS8,SOLE S8,1,7,9.45,2.45,26,ACCESSORIES
3697,5DESS8,SOLE S8 WHITE MICROFIBER,31,325.5,478.33,152.83,32,ACCESSORIES
11704,5GLSSOL,SOLE SOLID OILED LEATHER,1,6.03,9.94,3.91,39,ACCESSORIES
37003,2STSSAM,SOLO SINGLE AMETHYST,1,14.4,19.14,4.74,25,BAGS
8980,2STSSBP,SOLO SINGLE BLACK / PINK,1,15.94,23.98,8.04,34,BAGS
8982,2STSSBR,SOLO SINGLE BLACK / RED,2,32.74,49.87,17.13,34,BAGS
8983,2STSSBRO,SOLO SINGLE BLACK / ROYAL,2,35.44,47.96,12.52,26,BAGS
37028,2STSSDS,SOLO SINGLE DYE SUB,2,32.78,38.28,5.5,14,BAGS
37413,2STSSLG,SOLO SINGLE LIME / GREY,2,32.78,47.96,15.18,32,BAGS
37476,2STSSSB,SOLO SINGLE SILVER / BLACK,2,32.78,51.23,18.45,36,BAGS
37130,3BRSOBK,SOUL BLACK,3,74.67,100.29,25.62,26,SHOES
3996,2STSKBK,SPARE KIT BLACK,25,293.08,422.96,129.88,31,BAGS
37935,1HAEFSP,SPECIAL EFFECT,3,375,433.35,58.35,13,BALLS
37061,3GSDBRR,SPEED DIAL + BK / RED RH,1,55.98,72.6,16.62,23,SHOES
37882,5MASPKBK,SPEED PLUG KIT BLACK,2,204.8,269.1,64.3,24,PRO SHOP SUPPLIES
4779,5INSR,SPINNER RING,2,11.7,16.72,5.02,30,PRO SHOP SUPPLIES
29379,2MOSPAT,SPLICE 1 BALL ATTACHMENT,2,27.44,36.87,9.43,26,BAGS
36549,2GES3BTBL,SPORT 3 BALL TOTE ROLLER BLUE,1,47.95,64.76,16.81,26,BAGS
36551,2GES3BTOR,SPORT 3 BALL TOTE ROLLER ORANGE,2,95.9,129.52,33.62,26,BAGS
36078,2GESAOBL,SPORT ADD-ON SHOE BAG BLUE,1,9.25,15.84,6.59,42,BAGS
37234,2GESM3BK,SPORT MODULAR 3 ROLLER BLACK,7,483,670.71,187.71,28,BAGS
2610,4STS,SPORTCAST RH OR LH,6,63,79.21,16.21,20,GLOVES
36357,5RTSHRG,SQUAD RG SHAMMY,3,29.97,39.33,9.36,24,ACCESSORIES
4072,5JASSDB1/2-31/32,SS DRILL BIT 1/2"-31/32",4,160,187.5,27.5,15,PRO SHOP SUPPLIES
35207,3DES6BBRW,SST 6 BOA BLACK / RED WIDE,1,123.84,158.84,35,22,SHOES
38218,3DES6BWGW,SST 6 BOA WHITE / GREY WIDE,1,136.5,162.45,25.95,16,SHOES
37546,3DES6WBL,SST 6 LE WHITE / BLACK LH,1,128.21,175.23,47.02,27,SHOES
37544,3DES6WBR,SST 6 LE WHITE / BLACK RH,1,120.96,178.92,57.96,32,SHOES
38219,3DES8BMCBP,SST 8 BOA MC BLACK / PEWTER,1,116.25,146.63,30.38,21,SHOES
37853,3DES8PFEN,SST 8 PF BOA EJ NAVY,0,0,-20.83,-20.83,-100,SHOES
37547,3DES8PFBR,SST 8 POWER FRAME BOA BL/RED,1,127.81,156.2,28.39,18,SHOES
35897,3DES8PFBBG,SST 8 POWER FRAME BOA GR/BK,6,787.08,919.8,132.72,14,SHOES
36674,3DES8PFBWB,SST 8 POWER FRAME BOA WH/BK,2,262.48,329.74,67.26,20,SHOES
38215,3DESXGR,SST X GREY,2,282,337.57,55.57,16,SHOES
38211,3DESXTRBK,SST X TRON BLACK,2,282,359.95,77.95,22,SHOES
38212,3DESXTRBKW,SST X TRON BLACK WIDE,2,282,328.24,46.24,14,SHOES
38197,5KRDSSGR,STAR WARS SHAMMY GROGU,1,12.86,16.63,3.77,23,ACCESSORIES
38194,5KRDSSSWW,STAR WARS SHAMMY LOGO WHITE,1,12.86,16.63,3.77,23,ACCESSORIES
37522,3KRSTBPR,STARR BLACK / PINK RH,1,57.21,71.15,13.94,20,SHOES
35934,3KRSTWBTR,STARR WHITE / BK / TEAL RH,2,110.26,145.5,35.24,24,SHOES
36389,5KRSDSCBK,STAY DRY SHOE COVER BLACK,13,78.33,109.89,31.56,29,ACCESSORIES
37923,1TRSTMO,STEALTH MODE,1,95,126.5,31.5,25,BALLS
38397,1TRSMH,STEALTH MODE HYBRID,5,475,586.86,111.86,19,BALLS
37080,5STCGS,STORM CLOUD GRIP SACK,2,6,8.2,2.2,27,ACCESSORIES
36142,5STDBCBK,STORM DELUXE BALL CUP BLACK,6,12,20.1,8.1,40,ACCESSORIES
36141,5STDBCBL,STORM DELUXE BALL CUP BLUE,6,12,20.1,8.1,40,ACCESSORIES
23711,5STGTTABK,STORM GT TAPE BLACK (20pc),32,295.06,421.31,126.25,30,ACCESSORIES
27100,5STGTTABL,STORM GT TAPE BLUE (20pc),6,58.49,82.2,23.71,29,ACCESSORIES
27099,5STGTTAOR,STORM GT TAPE ORANGE (20pc),3,27.87,42.15,14.28,34,ACCESSORIES
36048,5STGTTAPK,STORM GT TAPE PINK (20PC),5,46.91,63.95,17.04,27,ACCESSORIES
27608,5STGTTARD,STORM GT TAPE RED (20pc),1,9.23,12.65,3.42,27,ACCESSORIES
23710,5STGTTAWH,STORM GT TAPE WHITE (20pc),1,9.21,13.35,4.14,31,ACCESSORIES
23707,5STNSGR,STORM NATION SHAMMY GREEN,15,127.45,162.12,34.67,21,ACCESSORIES
23708,5STNSRE,STORM NATION SHAMMY RED,6,51,63,12,19,ACCESSORIES
23985,5STMGSA,STORMOJI GRIP SACK ANGRY,4,17,23.19,6.19,27,ACCESSORIES
23987,5STMGSF,STORMOJI GRIP SACK FUNNY,3,12.73,17.39,4.66,27,ACCESSORIES
35623,2STST2BB,STREAMLINE 2 BLACK / BLUE,8,560,753.23,193.23,26,BAGS
35625,2STST3BB,STREAMLINE 3 BLACK / BLUE,6,588,762.92,174.92,23,BAGS
37472,2STST3LG,STREAMLINE 3 LIME / GREY,1,87.59,125.49,37.9,30,BAGS
38327,1COSR,STREET RALLY,1,120,145.01,25.01,17,BALLS
38121,2KRSPBK,STRIKE PACK BACKPACK BLACK,1,33.5,43.34,9.84,23,BAGS
38123,2KRSPPU,STRIKE PACK BACKPACK PURPLE,1,33.5,43.34,9.84,23,BAGS
13282,5TUSW,STRIKE WIPES PKG (20 SHEETS),3,17.46,27.75,10.29,37,ACCESSORIES
10004,5TUSWSS,STRIKE WIPES SINGLE SHEET,1,0.7,1.31,0.61,47,ACCESSORIES
38066,1COSCPL,SUPER CUDA PEARL,1,99,79.95,-19.05,-24,BALLS
9748,5STSFSPG,SUPER SHINE POLISH GALLON,1,28.71,41.95,13.24,32,ACCESSORIES
38427,1MOSUSP,SUPRA SPORT,11,1170.29,1398.82,228.53,16,BALLS
36408,5KRSFTBK100,SURE FIT TAPE BLACK 100 ROLL,5,45.94,61.02,15.08,25,ACCESSORIES
36406,5KRSFTBK,SURE FIT TAPE BLACK 30pc,14,43.44,61.18,17.74,29,ACCESSORIES
36405,5KRSFTWH,SURE FIT TAPE WHITE 30pc,30,72.63,104.31,31.68,30,ACCESSORIES
36409,5KRSFTWH500,SURE FIT TAPE WHITE 500 ROLL,2,60.8,76.12,15.32,20,ACCESSORIES
24066,5GESTSI40,SYNC TAPE SILVER 40CT,4,16.28,23.8,7.52,32,ACCESSORIES
38396,1TRSY,SYNTHESIS,6,720,913.51,193.51,21,BALLS
38065,1BRTZBB,T-ZONE BERRY BLAST,5,180,242.32,62.32,26,BALLS
10276,1BRTZCB,T-ZONE CARIBBEAN BLUE,9,324,432.64,108.64,25,BALLS
18067,1BRTZDS,T-ZONE DEEP SPACE,12,432,588.12,156.12,27,BALLS
29820,1BRTZFB,T-ZONE FROZEN BLISS,14,504,660.66,156.66,24,BALLS
9359,1BRTZIS,T-ZONE INDIGO SWIRL,31,1116,1487.46,371.46,25,BALLS
37580,1BRTZNS,T-ZONE NIGHT SKY,16,576,769.6,193.6,25,BALLS
25428,1BRTZOR,T-ZONE OCEAN REEF,6,216,289.64,73.64,25,BALLS
22625,1BRTZSS,T-ZONE SCARLET SHADOW,5,180,247,67,27,BALLS
19908,2BRTZBK,T-ZONE SINGLE BLACK,6,73.33,96.1,22.77,24,BAGS
19909,2BRTZBL,T-ZONE SINGLE BLUE,3,38.44,46.98,8.54,18,BAGS
19912,2BRTZPU,T-ZONE SINGLE PURPLE,3,38.98,46.98,8,17,BAGS
10373,5TAUP8EC,TAC-UP 8oz EACH,31,116.25,176.1,59.85,34,ACCESSORIES
10374,5TAUPQT,TAC-UP QUART,1,10.65,15.26,4.61,30,ACCESSORIES
37361,5KRTGC15,TACKY GRIP CREAM 15 COUNT,1,21.99,28.49,6.5,23,ACCESSORIES
37461,2HABBTA,TACTICAL BACKPACK,1,42,73.5,31.5,43,BAGS
9740,5STTABKDZ,TAPE BLACK (12 x 30 PCS),2,53.62,68.36,14.74,22,ACCESSORIES
9744,5STTABK500,TAPE BLACK 500 ROLL,1,30.07,38.1,8.03,21,ACCESSORIES
4340,5MATITEC,TAPE INSERT TOOL EACH,2,4.66,6.76,2.1,31,ACCESSORIES
9741,5STTAWHDZ,TAPE WHITE (12 x 30 PCS),8,192.26,246.29,54.03,22,ACCESSORIES
35402,5MATAWHDI,TAPE WHITE DISPLAY 24 PACKS,1,61.37,77.66,16.29,21,ACCESSORIES
7519,6VITTROBK,TAPERED ROUND BLACK,2,4.1,6.46,2.36,37,INSERTS
7498,6VITTROWH,TAPERED ROUND WHITE,23,47.15,78.2,31.05,40,INSERTS
35541,5VITK,TAPING KNIFE,11,26.4,40.99,14.59,36,PRO SHOP SUPPLIES
37416,5VITPROR,TEAR PRO TAPE ROLL ORANGE,2,11.9,16.12,4.22,26,ACCESSORIES
36008,5CTDTPS4M,THAT PURPLE STUFF 4oz MIST,9,41.52,57.37,15.85,28,ACCESSORIES
27880,5CTDTPS8M,THAT PURPLE STUFF 8oz MIST,9,67.5,93.96,26.46,28,ACCESSORIES
37540,3DET9STBR,THE 9 STRYKER BOA BK / RED,1,125.55,169.61,44.06,26,SHOES
37034,3DET9WTBK,THE 9 WT BLACK,1,120,133.95,13.95,10,SHOES
37542,3DETC9KBG,THE c9 KNIT BOA BK / GOLD,4,495,589.16,94.16,16,SHOES
24129,5TUJACK,THE JACK,3,15.45,22.56,7.11,32,ACCESSORIES
38292,1EBTOOV,THE ONE OVATION,3,291,369.44,78.44,21,BALLS
36175,1RATS,THE SPY,3,189,233.34,44.34,19,BALLS
37866,1TRTHPL,THEOREM PEARL,1,105,39.95,-65.05,-163,BALLS
36373,5KRTSL,THUMB SAVER LH,2,9.46,12.5,3.04,24,ACCESSORIES
36374,5KRTHSO,THUMB SOCK,3,15.61,21.6,5.99,28,ACCESSORIES
4944,5SRTSA,THUMB STRAIGHT A - XLARGE,5,17.5,25.2,7.7,31,ACCESSORIES
4945,5SRTSB,THUMB STRAIGHT B - LARGE,13,45.5,65.52,20.02,31,ACCESSORIES
38206,2STTH2AP,THUNDER 2 BALL ABSTRACT PURPLE,1,95,125.28,30.28,24,BAGS
38207,2STTH2SB,THUNDER 2 BALL STEEL BLUE / BK,1,95,125.28,30.28,24,BAGS
38204,2STTH3AP,THUNDER 3 BALL ABSTRACT PURPLE,1,135,161.49,26.49,16,BAGS
38205,2STTH3SB,THUNDER 3 BALL STEEL BLUE / BK,5,675,877.94,202.94,23,BAGS
37022,2STTH3SBO,THUNDER 3 SIGNATURE BK / OPAL,2,332.22,467.03,134.81,29,BAGS
38053,2STTH4AP,THUNDER 4 ABSTRACT PURPLE / BK,1,205,280.44,75.44,27,BAGS
38054,2STTH4SB,THUNDER 4 STEEL BLUE / BK,1,205,265.68,60.68,23,BAGS
38072,2STTH6AP,THUNDER 6 BALL ABSTRACT PUR / BK,1,275,323.19,48.19,15,BAGS
23712,5STTPRK,THUNDER PLUG REFILL KIT,1,157.23,208.8,51.57,25,PRO SHOP SUPPLIES
9777,5STTP,THUNDER PLUG STARTER KIT,1,168.33,228.38,60.05,26,PRO SHOP SUPPLIES
9764,5STTI,TINT COLORS,2,12.72,20.5,7.78,38,PRO SHOP SUPPLIES
37938,1RATODH,TORPEDO DIRECT HIT,2,160,199.2,39.2,20,BALLS
37517,3KRTGLBSR,TPC GLADIATOR BK / STONE RH,2,245.72,306.07,60.35,20,SHOES
37856,3KRTHYBKL,TPC HYPE BLACK LH,1,122,160.65,38.65,24,SHOES
37520,3KRTHYBKR,TPC HYPE BLACK RH,2,245.91,301,55.09,18,SHOES
37521,3KRTPVNRR,TPC VIPER NAVY / RED RH,1,122,169.1,47.1,28,SHOES
25404,5DETST1,TRACTION SOLE T1 ORANGE,1,10.5,15.86,5.36,34,ACCESSORIES
14758,5DETST2H,TRACTION SOLE T2 HYPERFLEX,4,42,64.8,22.8,35,ACCESSORIES
38348,1ROTR,TRANSFORMER,18,2286,2806.5,520.5,19,BALLS
35765,2STTTBB,TRAVEL TRIPLE BLACK / BLUE,2,108,145.91,37.91,26,BAGS
38242,3DETRBP,TRIXIE BLACK / PINK,8,374.96,482.01,107.05,22,SHOES
38241,3DETRWB,TRIXIE WHITE / BK / PURPLE,2,93.74,120.67,26.93,22,SHOES
38055,1STTSBBP,TROPICAL SURGE BK / BL / PINK,14,863.06,1101.02,237.96,22,BALLS
12154,1STTSBC,TROPICAL SURGE BK / CHERRY,17,1052.11,1340.27,288.16,22,BALLS
36590,1STTSEC,TROPICAL SURGE EMERALD / CHAR,22,1361.84,1725.61,363.77,21,BALLS
10322,1STTSPP,TROPICAL SURGE PINK / PUR PEARL,13,802.82,1023.09,220.27,22,BALLS
38056,1STTSRWP,TROPICAL SURGE RED / WH / PUR,5,308.95,389.99,81.04,21,BALLS
38057,1STTSSP,TROPICAL SURGE SILVER / PUR,9,556.38,719.51,163.13,23,BALLS
15284,1STTSTB,TROPICAL SURGE TEAL / BLUE,15,927.72,1177.65,249.93,21,BALLS
36011,5CTDTCC8FT,TruCut CONDITIONER 8oz,1,9,12.28,3.28,27,ACCESSORIES
35294,5CTDTP4,TruCut POLISH 4oz W/Polish Pad,1,15,19.76,4.76,24,ACCESSORIES
27886,5CTDTCSP5,TruCut SANDING PAD 5in,42,115.02,177.04,62.02,35,ACCESSORIES
27073,5STTB8,TRUE BLUE CLEANER 8oz,8,30.33,44.32,13.99,32,ACCESSORIES
4338,5MATSEA,TRUE SLIDE EACH,6,20.04,37.02,16.98,46,ACCESSORIES
4776,5VITT25,TT-25 BEIGE,23,180.05,273.31,93.26,34,ACCESSORIES
5244,6TUS1/4D,TURBO 1 1/4 DUO COLORS,192,390.53,597.4,206.87,35,INSERTS
35599,6TUS1/4S,TURBO 1 1/4 SOLID COLORS,20,40.74,59.4,18.66,31,INSERTS
35600,6TUS1/8S,TURBO 1 1/8 SOLID COLORS,40,81.2,120.5,39.3,33,INSERTS
5249,6TUS3/8D,TURBO 1 3/8 DUO COLORS,70,142.1,214.5,72.4,34,INSERTS
38226,3DETUBBK,TURBO BOA BLACK,3,162,206.77,44.77,22,SHOES
38227,3DETUBBKW,TURBO BOA BLACK WIDE,1,54,66.53,12.53,19,SHOES
38228,3DETUBWH,TURBO BOA WHITE,2,108,133.06,25.06,19,SHOES
38229,3DETUBWHW,TURBO BOA WHITE WIDE,1,54,71.82,17.82,25,SHOES
6025,5TUISBK,TURBO INNER SLEEVE BLACK,30,151.5,217.6,66.1,30,ACCESSORIES
24131,5TUISYE,TURBO INNER SLEEVE YELLOW,5,25.25,36,10.75,30,ACCESSORIES
6024,5TUOSBK,TURBO OUTER SLEEVE BLACK,211,1082.26,1575.88,493.62,31,ACCESSORIES
24138,5TUOSBL,TURBO OUTER SLEEVE BLUE,33,171.6,246.4,74.8,30,ACCESSORIES
24137,5TUOSGR,TURBO OUTER SLEEVE GREEN,41,207.05,305.2,98.15,32,ACCESSORIES
37402,5TUOSPK,TURBO OUTER SLEEVE PINK,21,109.01,155.6,46.59,30,ACCESSORIES
24139,5TUOSRE,TURBO OUTER SLEEVE RED,1,5.2,7.2,2,28,ACCESSORIES
24136,5TUOSYE,TURBO OUTER SLEEVE YELLOW,8,41.6,59.6,18,30,ACCESSORIES
11996,5TUZGSL,TURBO ZIP GLUE - SLOW,11,67.1,100.75,33.65,33,PRO SHOP SUPPLIES
6853,5TUZIGL45,TURBO ZIP GLUE PLUS - 45,4,24.4,34.2,9.8,29,PRO SHOP SUPPLIES
26821,1BRTWBGS,TWIST BK / GOLD / SILVER,6,276.36,356.2,79.84,22,BALLS
37977,1BRTWBP,TWIST BLACK / PINK,3,138,180.7,42.7,24,BALLS
26812,1BRTWBS,TWIST BLUE / SILVER,10,460.5,607.43,146.93,24,BALLS
36168,1BRTWLL,TWIST LAVENDER / LIME,4,185.32,233.35,48.03,21,BALLS
26803,1BRTWRP,TWIST RED / PURPLE,5,230.25,307.45,77.2,25,BALLS
26794,1BRTWSPS,TWIST SKY / PINK / SNOW,5,230.45,296.4,65.95,22,BALLS
37984,1STTY,TYPHOON,13,1077.19,1344.56,267.37,20,BALLS
27075,5STUC8,U-CLEAN U-SCORE 8OZ,1,4.09,5.94,1.85,31,ACCESSORIES
27268,5ULDF,ULTIMATE FINGER DAMS,3,44.4,65.85,21.45,33,PRO SHOP SUPPLIES
37996,1ROUW,ULTIMATE WRECKER,2,175.48,216.77,41.29,19,BALLS
36190,3DEULGB,ULTRA GROOVY BLUE,2,58.18,67.18,9,13,SHOES
36354,5POUP2,ULTRASAFE PLUG 2 GAL KIT,2,260,339.3,79.3,23,PRO SHOP SUPPLIES
38378,1SWUNSO,UNREAL SOLID,1,95,120.65,25.65,21,BALLS
15700,3DEVSBK,V-STRAP VELCRO BLACK,1,32.57,47.5,14.93,31,SHOES
22052,5VIVB,VACU BAGS,1,25.5,34.43,8.93,26,PRO SHOP SUPPLIES
38308,2MOVA3MB,VAULT 3 BALL ROLLER MIDNIGHT,3,389.55,480.66,91.11,19,BAGS
37177,2MOVA3TA,VAULT 3 BALL ROLLER TANGERINE,1,129.85,153.7,23.85,16,BAGS
38357,2MOVE2GR,VELOCITY 2 BALL HEATHER GRAY,2,122.5,154.26,31.76,21,BAGS
38355,1GLVEN,VENGEANCE,18,2034,2540.84,506.84,20,BALLS
37849,5MOVBC8,VENOM BALL CLEANER 8oz,8,67.2,89.97,22.77,25,ACCESSORIES
37919,5MOVBCG,VENOM BALL CLEANER GALLON,1,27.3,35.55,8.25,23,ACCESSORIES
15245,1MOVES,VENOM SHOCK,18,1915.02,2335.77,420.75,18,BALLS
36733,3BRVGP,VERSA GREY / PURPLE,1,32,41.1,9.1,22,SHOES
38432,1RAVE,VEXED,8,1000,1206.48,206.48,17,BALLS
36823,1HAVIO,VIBE OCEAN,4,299.96,368.29,68.33,19,BALLS
36277,3HAVIPU,VICIOUS UNISEX RH PURPLE,2,211.91,274.2,62.29,23,SHOES
38312,1GLVI,VIKING,7,887.53,1132.3,244.77,22,BALLS
36378,4KRVPGR,VINYL POSITIONER GRAPHITE RH,1,9.44,12.58,3.14,25,GLOVES
36022,6VIUS1/2S,VISE 1 1/2 URE SOLID COLORS,14,31.5,46.08,14.58,32,INSERTS
35602,6VIUS1/4D,VISE 1 1/4 DUO COLORS,36,73.8,110.28,36.48,33,INSERTS
7391,6VIUS1/4S,VISE 1 1/4 URE SOLID COLORS,453,928.65,1393.76,465.11,33,INSERTS
7423,6VIVISO1/4,VISE 1 1/4 VINYL SOLID,5,7.75,12.5,4.75,38,INSERTS
7381,6VIUS1/8S,VISE 1 1/8 URE SOLID COLORS,136,278.8,418.96,140.16,33,INSERTS
7413,6VIVISO1/8,VISE 1 1/8 VINYL SOLID,1,1.55,2.2,0.65,30,INSERTS
35604,6VIUS3/8D,VISE 1 3/8 DUO COLORS,10,20.5,32.5,12,37,INSERTS
7401,6VIUS3/8S,VISE 1 3/8 URE SOLID COLORS,224,459.2,682.5,223.3,33,INSERTS
7432,6VIVISO3/8,VISE 1 3/8 VINYL SOLID,5,7.75,12.5,4.75,38,INSERTS
18557,5VIABBK,VISE ACCESSORY BAG BLACK,3,22.8,31.98,9.18,29,ACCESSORIES
18558,5VIABRD,VISE ACCESSORY BAG RED,3,22.8,33.36,10.56,32,ACCESSORIES
35127,2VIABBK,VISE ADD-A-BAG BLACK,5,60,81.72,21.72,27,BAGS
17203,5VIVC8,VISE CLEANER 8oz,1,5.5,8,2.5,31,ACCESSORIES
17204,5VIVCQT,VISE CLEANER QUART,1,12,15.84,3.84,24,ACCESSORIES
16888,5VICK,VISE COLOR KIT ( 9 COLORS ),1,32,49.6,17.6,35,PRO SHOP SUPPLIES
37412,5VIKPTPC,VISE KT + PRE-CUT TAPE BLK 20ct,11,97.35,144.43,47.08,33,ACCESSORIES
37415,5VIKPTPI,VISE KT + PRE-CUT TAPE PK 20ct,1,8.85,11.93,3.08,26,ACCESSORIES
37414,5VIKPTWH,VISE KT + PRE-CUT TAPE WH 20ct,1,8.85,11.93,3.08,26,ACCESSORIES
38289,5VIMRT1/2,VISE MAX REV TAPE 1/2 (60pkg),11,91.63,124.89,33.26,27,ACCESSORIES
24143,5VISHBK,VISE SHAMMY BLACK,2,14.4,21.71,7.31,34,ACCESSORIES
37274,5VISHPK,VISE SHAMMY PINK,1,7.2,11.55,4.35,38,ACCESSORIES
37272,5VISHPU,VISE SHAMMY PURPLE,2,14.4,22.52,8.12,36,ACCESSORIES
24144,5VISHRD,VISE SHAMMY RED,1,7.2,10.97,3.77,34,ACCESSORIES
16891,5VITI,VISE TINT,4,15.8,24.2,8.4,35,PRO SHOP SUPPLIES
7253,1BRVIBU,VIZ BUTTERFLIES GLOW,1,66,79.29,13.29,17,BALLS
7267,1BRVILI,VIZ LIZARD EYE GLOW,1,66,79.29,13.29,17,BALLS
3363,1BRVISF,VIZ SMILEY FACE,2,132,167.14,35.14,21,BALLS
35016,1BRVIST,VIZ STARS & STRIPES,2,132,160.38,28.38,18,BALLS
3314,1BRVIWO,VIZ WORLD,1,66,85.6,19.6,23,BALLS
36002,1COWDBPS,W-DOT BLACK / PURPLE / SILVER,15,540,754.26,214.26,28,BALLS
36152,1COWDBBS,W-DOT BLUE / BLACK / SILVER,5,180,236.08,56.08,24,BALLS
36001,1COWDDI,W-DOT DIAMOND,33,1188,1574.04,386.04,25,BALLS
36718,1COWDSGB,W-DOT GOLD / SCARLET / BLACK,10,360,484.12,124.12,26,BALLS
37583,1COWDLS,W-DOT LIME SWIRL,5,180,247,67,27,BALLS
38067,1COWDMF,W-DOT MINT FROST,5,180,247,67,27,BALLS
37582,1COWDPB,W-DOT PEEK A BOO,9,324,437.06,113.06,26,BALLS
37584,1COWDWO,W-DOT WILD ORCHID,15,540,723.58,183.58,25,BALLS
36252,2COWDBL,WHITE DOT SINGLE BLUE,2,20,28.5,8.5,30,BAGS
36254,2COWDPI,WHITE DOT SINGLE PINK,2,20,28.5,8.5,30,BAGS
36253,2COWDRE,WHITE DOT SINGLE RED,2,20,28.5,8.5,30,BAGS
5429,6COTHOV,WHITE OVAL THUMB,15,39.06,56.25,17.19,31,INSERTS
5464,6COTHPT,WHITE POWER TAPER THUMB,-4,-10.64,-15.8,-5.16,-33,INSERTS
5445,6COTHTA,WHITE TAPERED THUMB,2,5.24,7.9,2.66,34,INSERTS
37447,5ULWASH1/2,WIZ 31 ALL SEASON HARDENER 1/2G,1,40,58,18,31,PRO SHOP SUPPLIES
37448,5ULWASR1/2,WIZ 31 ALL SEASON RESIN 1/2G,2,80,110.2,30.2,27,PRO SHOP SUPPLIES
4221,5STTOBG,WOVEN TOWEL BLACK / GREY,2,12.5,16.56,4.06,25,ACCESSORIES
9731,5STWLBK,WRIST LINER BLACK,1,2.5,3.61,1.11,31,ACCESSORIES
36361,4MAWW+,WRISTER WRAP +,2,11.36,14.78,3.42,23,GLOVES
2608,4STXGRL,XTRA GRIP LH,1,9.94,13.59,3.65,27,GLOVES
2595,4STXGPR,XTRA GRIP PLUS RH,6,67.44,84.56,17.12,20,GLOVES
2604,4STXGRR,XTRA GRIP RH,10,99.9,134.17,34.27,26,GLOVES
2592,4STXHL,XTRA HOOK LH,1,15.35,22.4,7.05,31,GLOVES
2590,4STXHR,XTRA HOOK RH,1,15.95,19.71,3.76,19,GLOVES
2585,4STXRR,XTRA ROLL RH,1,15.72,21.73,6.01,28,GLOVES
4238,5STXSQ,XTRA SHINE QUART,2,32,44.23,12.23,28,ACCESSORIES
35398,5STXVK,XTRA VALUE KIT,1,99,117.95,18.95,16,ACCESSORIES
36465,5KRXWBC8,XTREME WASH BALL CLEANER 8oz,2,9.45,12.96,3.51,27,ACCESSORIES
36826,5MOZSS,ZEAL SHOE SLIDER,2,8.4,11.44,3.04,27,ACCESSORIES
38319,1HAZMPL,ZERO MERCY PEARL,35,4375,5287.31,912.31,17,BALLS
38318,1HAZMSO,ZERO MERCY SOLID,102,12750,15892.21,3142.21,20,BALLS
37847,1RAZZSO,ZIG ZAG SOLID,1,125,109.95,-15.05,-14,BALLS
35112,2BRZ2BL,ZONE 2 ROLLER BLUE,1,51.99,77.75,25.76,33,BAGS
38052,2BRZ2RA,ZONE 2 ROLLER RASPBERRY,2,104,146.17,42.17,29,BAGS